,left_front_wheel,lfw_x,lfw_y,left_back_wheel,lbw_x,lbw_y,left_armor,la_x,la_y,front,f_x,f_y,right_front_wheel,rfw_x,rfw_y,right_back_wheel,rbw_x,rbw_y,right_armor,ra_x,ra_y,back,b_x,b_y
4variationblur500.png,0,0,0,0,0,0,1,0.007291667,0.166666667,1,-0.040885417,0.139351852,0,0,0,0,0,0,0,0,0,0,0,0
,,,,,,,,,,,,,,,,,,,,,,,,
4variationblur501.png,1,0.026041667,0.133796296,0,0,0,1,0.00625,0.165277778,1,-0.043489583,0.1375,0,0,0,0,0,0,0,0,0,0,0,0
,,,,,,,,,,,,,,,,,,,,,,,,
4variationblur502.png,0,0,0,0,0,0,1,0.0046875,0.162962963,1,-0.04609375,0.135185185,0,0,0,0,0,0,0,0,0,0,0,0
,,,,,,,,,,,,,,,,,,,,,,,,
4variationblur503.png,0,0,0,0,0,0,1,0.003385417,0.161111111,1,-0.0484375,0.133333333,0,0,0,0,0,0,0,0,0,0,0,0
,,,,,,,,,,,,,,,,,,,,,,,,
4variationblur504.png,0,0,0,0,0,0,1,0.001822917,0.158796296,1,-0.051041667,0.130555556,0,0,0,0,0,0,0,0,0,0,0,0
,,,,,,,,,,,,,,,,,,,,,,,,
4variationblur505.png,0,0,0,0,0,0,1,0.001302083,0.158333333,1,-0.054166667,0.126851852,0,0,0,0,0,0,0,0,0,0,0,0
,,,,,,,,,,,,,,,,,,,,,,,,
4variationblur506.png,0,0,0,0,0,0,1,-0.00078125,0.155092593,1,-0.055729167,0.126851852,0,0,0,0,0,0,0,0,0,0,0,0
,,,,,,,,,,,,,,,,,,,,,,,,
4variationblur507.png,1,0.014583333,0.116666667,0,0,0,1,-0.00234375,0.153240741,1,-0.05859375,0.124537037,0,0,0,0,0,0,0,0,0,0,0,0
,,,,,,,,,,,,,,,,,,,,,,,,
4variationblur508.png,0,0,0,0,0,0,1,-0.00390625,0.151851852,1,-0.061197917,0.122685185,0,0,0,0,0,0,0,0,0,0,0,0
,,,,,,,,,,,,,,,,,,,,,,,,
4variationblur509.png,1,0.009895833,0.112037037,0,0,0,1,-0.00625,0.15,1,-0.0640625,0.120833333,0,0,0,0,0,0,0,0,0,0,0,0
,,,,,,,,,,,,,,,,,,,,,,,,
4variationblur510.png,1,0.007552083,0.10787037,0,0,0,1,-0.008072917,0.146296296,1,-0.066927083,0.11712963,0,0,0,0,0,0,0,0,0,0,0,0
,,,,,,,,,,,,,,,,,,,,,,,,
4variationblur511.png,1,0.005208333,0.105555556,1,0.033072917,0.121759259,1,-0.010677083,0.144444444,1,-0.070572917,0.115277778,0,0,0,0,0,0,0,0,0,0,0,0
,,,,,,,,,,,,,,,,,,,,,,,,
4variationblur512.png,1,0.003385417,0.106018519,0,0,0,1,-0.013541667,0.143981481,1,-0.073697917,0.113425926,0,0,0,0,0,0,0,0,0,0,0,0
,,,,,,,,,,,,,,,,,,,,,,,,
4variationblur513.png,1,0.001302083,0.105092593,0,0,0,1,-0.015364583,0.141666667,1,-0.076822917,0.111111111,0,0,0,0,0,0,0,0,0,0,0,0
,,,,,,,,,,,,,,,,,,,,,,,,
4variationblur514.png,1,-0.000520833,0.103240741,1,0.0265625,0.123611111,1,-0.01796875,0.139351852,1,-0.079947917,0.109259259,0,0,0,0,0,0,0,0,0,0,0,0
,,,,,,,,,,,,,,,,,,,,,,,,
4variationblur515.png,1,-0.0015625,0.100462963,0,0,0,1,-0.020572917,0.138888889,1,-0.082552083,0.106481481,0,0,0,0,0,0,0,0,0,0,0,0
,,,,,,,,,,,,,,,,,,,,,,,,
4variationblur516.png,0,0,0,0,0,0,1,-0.0234375,0.136111111,1,-0.084635417,0.104166667,0,0,0,0,0,0,0,0,0,0,0,0
,,,,,,,,,,,,,,,,,,,,,,,,
4variationblur517.png,0,0,0,0,0,0,1,-0.026302083,0.135648148,1,-0.086197917,0.101388889,0,0,0,0,0,0,0,0,0,0,0,0
,,,,,,,,,,,,,,,,,,,,,,,,
4variationblur518.png,0,0,0,0,0,0,1,-0.029166667,0.132407407,1,-0.086979167,0.098611111,0,0,0,0,0,0,0,0,0,0,0,0
,,,,,,,,,,,,,,,,,,,,,,,,
4variationblur519.png,0,0,0,0,0,0,1,-0.03203125,0.131018519,1,-0.087239583,0.09537037,0,0,0,0,0,0,0,0,0,0,0,0
,,,,,,,,,,,,,,,,,,,,,,,,
4variationblur520.png,0,0,0,0,0,0,0,0,0,1,-0.086979167,0.09212963,0,0,0,0,0,0,0,0,0,0,0,0
,,,,,,,,,,,,,,,,,,,,,,,,
4variationblur521.png,0,0,0,0,0,0,0,0,0,1,-0.0859375,0.088425926,0,0,0,0,0,0,0,0,0,0,0,0
,,,,,,,,,,,,,,,,,,,,,,,,
4variationblur522.png,0,0,0,0,0,0,0,0,0,1,-0.084635417,0.084259259,0,0,0,0,0,0,0,0,0,0,0,0
,,,,,,,,,,,,,,,,,,,,,,,,
4variationblur523.png,0,0,0,0,0,0,0,0,0,1,-0.082291667,0.080555556,0,0,0,0,0,0,0,0,0,0,0,0
,,,,,,,,,,,,,,,,,,,,,,,,
4variationblur524.png,0,0,0,0,0,0,0,0,0,1,-0.079427083,0.077314815,0,0,0,0,0,0,0,0,0,0,0,0
,,,,,,,,,,,,,,,,,,,,,,,,
4variationblur525.png,0,0,0,0,0,0,0,0,0,1,-0.07578125,0.074074074,0,0,0,0,0,0,0,0,0,0,0,0
,,,,,,,,,,,,,,,,,,,,,,,,
4variationblur526.png,0,0,0,0,0,0,0,0,0,1,-0.071614583,0.07037037,0,0,0,0,0,0,0,0,0,0,0,0
,,,,,,,,,,,,,,,,,,,,,,,,
4variationblur527.png,0,0,0,0,0,0,0,0,0,1,-0.16640625,0.060648148,1,-0.066666667,0.06712963,0,0,0,0,0,0,0,0,0
,,,,,,,,,,,,,,,,,,,,,,,,
4variationblur528.png,0,0,0,0,0,0,0,0,0,0,0,0,1,-0.061458333,0.063425926,0,0,0,0,0,0,0,0,0
,,,,,,,,,,,,,,,,,,,,,,,,
4variationblur529.png,0,0,0,0,0,0,0,0,0,1,-0.055729167,0.060648148,1,-0.15546875,0.057407407,0,0,0,0,0,0,0,0,0
,,,,,,,,,,,,,,,,,,,,,,,,
4variationblur530.png,0,0,0,0,0,0,0,0,0,1,-0.048958333,0.056944444,1,-0.146614583,0.050925926,0,0,0,0,0,0,0,0,0
,,,,,,,,,,,,,,,,,,,,,,,,
4variationblur531.png,0,0,0,0,0,0,0,0,0,1,-0.0421875,0.053703704,1,-0.138020833,0.044444444,1,-0.225260417,0.081481481,0,0,0,0,0,0
,,,,,,,,,,,,,,,,,,,,,,,,
4variationblur532.png,0,0,0,0,0,0,0,0,0,1,-0.034895833,0.050925926,1,-0.12890625,0.039351852,1,-0.228645833,0.078703704,1,-0.144010417,0.099074074,0,0,0
,,,,,,,,,,,,,,,,,,,,,,,,
4variationblur533.png,0,0,0,0,0,0,0,0,0,1,-0.027083333,0.047222222,1,-0.11875,0.033796296,1,-0.230989583,0.075,1,-0.140885417,0.093981481,0,0,0
,,,,,,,,,,,,,,,,,,,,,,,,
4variationblur534.png,0,0,0,0,0,0,0,0,0,1,-0.019010417,0.044444444,1,-0.108072917,0.02962963,1,-0.232552083,0.069907407,1,-0.137760417,0.089814815,0,0,0
,,,,,,,,,,,,,,,,,,,,,,,,
4variationblur535.png,0,0,0,0,0,0,0,0,0,1,-0.0109375,0.041203704,1,-0.097395833,0.025462963,1,-0.233072917,0.065277778,1,-0.13359375,0.086111111,0,0,0
,,,,,,,,,,,,,,,,,,,,,,,,
4variationblur536.png,0,0,0,0,0,0,0,0,0,1,-0.002083333,0.037962963,1,-0.083854167,0.022222222,1,-0.232291667,0.058796296,1,-0.12890625,0.082407407,0,0,0
,,,,,,,,,,,,,,,,,,,,,,,,
4variationblur537.png,0,0,0,0,0,0,0,0,0,1,0.006770833,0.034259259,1,-0.06953125,0.01712963,1,-0.230989583,0.051851852,1,-0.123177083,0.077777778,0,0,0
,,,,,,,,,,,,,,,,,,,,,,,,
4variationblur538.png,0,0,0,0,0,0,0,0,0,1,0.01640625,0.031481481,1,-0.055729167,0.012962963,1,-0.22890625,0.046296296,1,-0.11640625,0.074537037,0,0,0
,,,,,,,,,,,,,,,,,,,,,,,,
4variationblur539.png,0,0,0,0,0,0,0,0,0,1,0.026041667,0.027777778,1,-0.03984375,0.006944444,1,-0.22578125,0.040740741,1,-0.109114583,0.069907407,0,0,0
,,,,,,,,,,,,,,,,,,,,,,,,
4variationblur540.png,0,0,0,0,0,0,0,0,0,1,0.0359375,0.023611111,1,-0.02578125,0.001851852,1,-0.220833333,0.036111111,1,-0.101302083,0.066203704,0,0,0
,,,,,,,,,,,,,,,,,,,,,,,,
4variationblur541.png,0,0,0,0,0,0,0,0,0,1,0.045572917,0.019907407,1,-0.010677083,-0.003703704,1,-0.215885417,0.031481481,1,-0.09296875,0.0625,0,0,0
,,,,,,,,,,,,,,,,,,,,,,,,
4variationblur542.png,0,0,0,0,0,0,0,0,0,1,0.05546875,0.015740741,1,0.003125,-0.010185185,1,-0.209114583,0.026851852,1,-0.083854167,0.058333333,0,0,0
,,,,,,,,,,,,,,,,,,,,,,,,
4variationblur543.png,0,0,0,0,0,0,0,0,0,1,0.066145833,0.013425926,1,0.016927083,-0.014814815,1,-0.201302083,0.021759259,1,-0.074479167,0.05462963,0,0,0
,,,,,,,,,,,,,,,,,,,,,,,,
4variationblur544.png,0,0,0,0,0,0,0,0,0,0,0,0,1,0.031770833,-0.018981481,1,-0.192708333,0.016666667,1,-0.064583333,0.050925926,0,0,0
,,,,,,,,,,,,,,,,,,,,,,,,
4variationblur545.png,0,0,0,0,0,0,0,0,0,0,0,0,1,0.045052083,-0.021759259,1,-0.183072917,0.0125,1,-0.05390625,0.047685185,0,0,0
,,,,,,,,,,,,,,,,,,,,,,,,
4variationblur546.png,0,0,0,0,0,0,0,0,0,0,0,0,1,0.06015625,-0.025925926,1,-0.173177083,0.006944444,1,-0.04296875,0.043981481,0,0,0
,,,,,,,,,,,,,,,,,,,,,,,,
4variationblur547.png,0,0,0,0,0,0,0,0,0,0,0,0,1,0.076822917,-0.028703704,1,-0.162760417,0.000925926,1,-0.030989583,0.040277778,0,0,0
,,,,,,,,,,,,,,,,,,,,,,,,
4variationblur548.png,0,0,0,0,0,0,0,0,0,0,0,0,1,0.0921875,-0.031481481,1,-0.1515625,-0.004166667,1,-0.018489583,0.0375,0,0,0
,,,,,,,,,,,,,,,,,,,,,,,,
4variationblur549.png,0,0,0,0,0,0,0,0,0,0,0,0,1,0.1109375,-0.037037037,1,-0.140104167,-0.008796296,1,-0.005729167,0.03287037,0,0,0
,,,,,,,,,,,,,,,,,,,,,,,,
4variationblur550.png,0,0,0,0,0,0,0,0,0,0,0,0,1,0.128645833,-0.041203704,1,-0.128385417,-0.013425926,1,0.007552083,0.029166667,0,0,0
,,,,,,,,,,,,,,,,,,,,,,,,
4variationblur551.png,0,0,0,0,0,0,0,0,0,0,0,0,1,0.14609375,-0.047685185,1,-0.115104167,-0.016666667,1,0.021875,0.025462963,0,0,0
,,,,,,,,,,,,,,,,,,,,,,,,
4variationblur552.png,0,0,0,0,0,0,0,0,0,0,0,0,1,0.166145833,-0.053240741,1,-0.102083333,-0.021296296,1,0.03671875,0.021759259,0,0,0
,,,,,,,,,,,,,,,,,,,,,,,,
4variationblur553.png,0,0,0,0,0,0,0,0,0,0,0,0,1,0.185416667,-0.058796296,1,-0.086979167,-0.024074074,1,0.053125,0.018055556,0,0,0
,,,,,,,,,,,,,,,,,,,,,,,,
4variationblur554.png,0,0,0,0,0,0,0,0,0,0,0,0,1,0.205989583,-0.064814815,1,-0.070572917,-0.027314815,1,0.069270833,0.014351852,0,0,0
,,,,,,,,,,,,,,,,,,,,,,,,
4variationblur555.png,0,0,0,0,0,0,0,0,0,0,0,0,1,0.2265625,-0.071296296,1,-0.053645833,-0.031481481,1,0.08671875,0.010648148,0,0,0
,,,,,,,,,,,,,,,,,,,,,,,,
4variationblur556.png,0,0,0,0,0,0,0,0,0,0,0,0,1,0.246354167,-0.075462963,1,-0.036979167,-0.033796296,1,0.1046875,0.008333333,0,0,0
,,,,,,,,,,,,,,,,,,,,,,,,
4variationblur557.png,0,0,0,0,0,0,0,0,0,0,0,0,1,0.26640625,-0.080092593,1,-0.019270833,-0.037037037,1,0.12265625,0.00462963,0,0,0
,,,,,,,,,,,,,,,,,,,,,,,,
4variationblur558.png,0,0,0,0,0,0,0,0,0,0,0,0,1,0.2859375,-0.084722222,1,-0.002864583,-0.040740741,1,0.140104167,0.001388889,0,0,0
,,,,,,,,,,,,,,,,,,,,,,,,
4variationblur559.png,0,0,0,0,0,0,0,0,0,0,0,0,1,0.30390625,-0.090277778,1,0.0140625,-0.043055556,1,0.157552083,-0.001388889,0,0,0
,,,,,,,,,,,,,,,,,,,,,,,,
4variationblur560.png,0,0,0,0,0,0,0,0,0,0,0,0,1,0.320833333,-0.094444444,1,0.029166667,-0.044444444,1,0.175,-0.004166667,0,0,0
,,,,,,,,,,,,,,,,,,,,,,,,
4variationblur561.png,0,0,0,0,0,0,0,0,0,0,0,0,1,0.3375,-0.1,1,0.04375,-0.044444444,1,0.19140625,-0.006481481,0,0,0
,,,,,,,,,,,,,,,,,,,,,,,,
4variationblur562.png,0,0,0,0,0,0,0,0,0,0,0,0,1,0.35078125,-0.105092593,1,0.056770833,-0.044444444,1,0.207291667,-0.008796296,0,0,0
,,,,,,,,,,,,,,,,,,,,,,,,
4variationblur563.png,0,0,0,0,0,0,0,0,0,0,0,0,1,0.363802083,-0.111111111,1,0.0703125,-0.043981481,1,0.222395833,-0.011574074,0,0,0
,,,,,,,,,,,,,,,,,,,,,,,,
4variationblur564.png,0,0,0,0,0,0,0,0,0,0,0,0,1,0.375260417,-0.116666667,1,0.08359375,-0.042592593,1,0.23671875,-0.013425926,0,0,0
,,,,,,,,,,,,,,,,,,,,,,,,
4variationblur565.png,0,0,0,0,0,0,0,0,0,0,0,0,1,0.384114583,-0.121296296,1,0.096354167,-0.040740741,1,0.250260417,-0.014814815,0,0,0
,,,,,,,,,,,,,,,,,,,,,,,,
4variationblur566.png,0,0,0,0,0,0,0,0,0,0,0,0,1,0.394010417,-0.126388889,1,0.107552083,-0.038425926,1,0.263020833,-0.016203704,0,0,0
,,,,,,,,,,,,,,,,,,,,,,,,
4variationblur567.png,0,0,0,0,0,0,0,0,0,1,0.46875,-0.099537037,1,0.399479167,-0.130092593,1,0.119270833,-0.038425926,1,0.27578125,-0.018518519,0,0,0
,,,,,,,,,,,,,,,,,,,,,,,,
4variationblur568.png,0,0,0,0,0,0,0,0,0,1,0.484375,-0.102777778,1,0.404947917,-0.13287037,1,0.13125,-0.036574074,1,0.286979167,-0.019444444,0,0,0
,,,,,,,,,,,,,,,,,,,,,,,,
4variationblur569.png,0,0,0,0,0,0,0,0,0,1,0.496354167,-0.106481481,1,0.408072917,-0.133333333,1,0.142447917,-0.035648148,1,0.297395833,-0.02037037,0,0,0
,,,,,,,,,,,,,,,,,,,,,,,,
4variationblur570.png,0,0,0,0,0,0,0,0,0,0,0,0,1,0.407291667,-0.134259259,1,0.153385417,-0.035185185,1,0.305729167,-0.021759259,0,0,0
,,,,,,,,,,,,,,,,,,,,,,,,
4variationblur571.png,0,0,0,0,0,0,0,0,0,0,0,0,1,0.405208333,-0.134722222,1,0.16328125,-0.035185185,1,0.31328125,-0.023148148,0,0,0
,,,,,,,,,,,,,,,,,,,,,,,,
4variationblur572.png,0,0,0,0,0,0,0,0,0,0,0,0,1,0.400520833,-0.134722222,1,0.172395833,-0.033333333,1,0.320052083,-0.024074074,0,0,0
,,,,,,,,,,,,,,,,,,,,,,,,
4variationblur573.png,0,0,0,0,0,0,0,0,0,0,0,0,1,0.394270833,-0.133796296,1,0.1828125,-0.034722222,1,0.326041667,-0.025462963,0,0,0
,,,,,,,,,,,,,,,,,,,,,,,,
4variationblur574.png,0,0,0,0,0,0,0,0,0,0,0,0,1,0.386458333,-0.132407407,1,0.193489583,-0.031944444,1,0.33203125,-0.024537037,0,0,0
,,,,,,,,,,,,,,,,,,,,,,,,
4variationblur575.png,0,0,0,0,0,0,0,0,0,0,0,0,1,0.377604167,-0.12962963,1,0.204166667,-0.028240741,1,0.337239583,-0.023611111,0,0,0
,,,,,,,,,,,,,,,,,,,,,,,,
4variationblur576.png,0,0,0,0,0,0,0,0,0,0,0,0,1,0.368229167,-0.127777778,1,0.215625,-0.025925926,1,0.341666667,-0.024074074,0,0,0
,,,,,,,,,,,,,,,,,,,,,,,,
4variationblur577.png,0,0,0,0,0,0,0,0,0,0,0,0,1,0.35859375,-0.125462963,0,0,0,1,0.345833333,-0.021759259,0,0,0
,,,,,,,,,,,,,,,,,,,,,,,,
4variationblur578.png,0,0,0,0,0,0,0,0,0,0,0,0,1,0.347135417,-0.122685185,0,0,0,1,0.348958333,-0.013425926,0,0,0
,,,,,,,,,,,,,,,,,,,,,,,,
4variationblur579.png,0,0,0,0,0,0,0,0,0,0,0,0,0,0,0,0,0,0,0,0,0,0,0,0
,,,,,,,,,,,,,,,,,,,,,,,,
4variationblur580.png,0,0,0,0,0,0,0,0,0,1,0.49609375,-0.139351852,0,0,0,0,0,0,0,0,0,0,0,0
,,,,,,,,,,,,,,,,,,,,,,,,
4variationblur581.png,0,0,0,0,0,0,0,0,0,1,0.490104167,-0.1375,0,0,0,0,0,0,0,0,0,0,0,0
,,,,,,,,,,,,,,,,,,,,,,,,
4variationblur582.png,0,0,0,0,0,0,0,0,0,1,0.482552083,-0.134722222,0,0,0,0,0,0,0,0,0,0,0,0
,,,,,,,,,,,,,,,,,,,,,,,,
4variationblur583.png,0,0,0,0,0,0,0,0,0,1,0.46875,-0.133333333,0,0,0,0,0,0,0,0,0,0,0,0
,,,,,,,,,,,,,,,,,,,,,,,,
4variationblur584.png,0,0,0,0,0,0,0,0,0,1,0.454427083,-0.130555556,0,0,0,0,0,0,0,0,0,0,0,0
,,,,,,,,,,,,,,,,,,,,,,,,
4variationblur585.png,0,0,0,0,0,0,0,0,0,1,0.4390625,-0.127314815,0,0,0,0,0,0,0,0,0,0,0,0
,,,,,,,,,,,,,,,,,,,,,,,,
4variationblur586.png,0,0,0,0,0,0,0,0,0,1,0.423697917,-0.123148148,0,0,0,0,0,0,0,0,0,0,0,0
,,,,,,,,,,,,,,,,,,,,,,,,
4variationblur587.png,0,0,0,0,0,0,0,0,0,1,0.409114583,-0.117592593,0,0,0,0,0,0,0,0,0,0,0,0
,,,,,,,,,,,,,,,,,,,,,,,,
4variationblur588.png,0,0,0,0,0,0,0,0,0,1,0.394270833,-0.113425926,0,0,0,0,0,0,0,0,0,0,0,0
,,,,,,,,,,,,,,,,,,,,,,,,
4variationblur589.png,0,0,0,0,0,0,0,0,0,1,0.379947917,-0.107407407,0,0,0,0,0,0,0,0,0,0,0,0
,,,,,,,,,,,,,,,,,,,,,,,,
4variationblur590.png,0,0,0,0,0,0,0,0,0,1,0.365885417,-0.100925926,0,0,0,0,0,0,0,0,0,0,0,0
,,,,,,,,,,,,,,,,,,,,,,,,
4variationblur591.png,0,0,0,0,0,0,0,0,0,1,0.352604167,-0.09537037,0,0,0,0,0,0,0,0,0,0,0,0
,,,,,,,,,,,,,,,,,,,,,,,,
4variationblur592.png,1,0.491927083,-0.155092593,0,0,0,0,0,0,1,0.340885417,-0.089351852,0,0,0,0,0,0,0,0,0,0,0,0
,,,,,,,,,,,,,,,,,,,,,,,,
4variationblur593.png,1,0.475260417,-0.151388889,0,0,0,0,0,0,1,0.33046875,-0.084259259,0,0,0,0,0,0,0,0,0,0,0,0
,,,,,,,,,,,,,,,,,,,,,,,,
4variationblur594.png,1,0.454947917,-0.148611111,1,0.440885417,-0.151388889,0,0,0,1,0.320572917,-0.07962963,0,0,0,0,0,0,0,0,0,0,0,0
,,,,,,,,,,,,,,,,,,,,,,,,
4variationblur595.png,1,0.436197917,-0.145833333,0,0,0,0,0,0,1,0.31171875,-0.075462963,0,0,0,0,0,0,0,0,0,0,0,0
,,,,,,,,,,,,,,,,,,,,,,,,
4variationblur596.png,1,0.41953125,-0.14212963,0,0,0,0,0,0,1,0.30390625,-0.072222222,0,0,0,0,0,0,0,0,0,0,0,0
,,,,,,,,,,,,,,,,,,,,,,,,
4variationblur597.png,1,0.40546875,-0.138888889,0,0,0,1,0.496875,-0.056018519,1,0.296875,-0.068055556,0,0,0,0,0,0,0,0,0,0,0,0
,,,,,,,,,,,,,,,,,,,,,,,,
4variationblur598.png,1,0.392447917,-0.136111111,0,0,0,1,0.493229167,-0.053703704,1,0.289583333,-0.065277778,0,0,0,0,0,0,0,0,0,0,0,0
,,,,,,,,,,,,,,,,,,,,,,,,
4variationblur599.png,1,0.380729167,-0.133796296,1,0.369270833,-0.127777778,1,0.488541667,-0.052314815,1,0.282552083,-0.0625,0,0,0,0,0,0,0,0,0,0,0,0
,left_front_wheel,lfw_x,lfw_y,left_back_wheel,lbw_x,lbw_y,left_armor,la_x,la_y,front,f_x,f_y,right_front_wheel,rfw_x,rfw_y,right_back_wheel,rbw_x,rbw_y,right_armor,ra_x,ra_y,back,b_x,b_y
4variationblur600.png,1,0.368489583,-0.131018519,0,0,0,1,0.48046875,-0.050925926,1,0.275,-0.059722222,0,0,0,0,0,0,0,0,0,0,0,0
,,,,,,,,,,,,,,,,,,,,,,,,
4variationblur601.png,1,0.355989583,-0.128240741,0,0,0,1,0.47109375,-0.05,1,0.265625,-0.057407407,0,0,0,0,0,0,0,0,0,0,0,0
,,,,,,,,,,,,,,,,,,,,,,,,
4variationblur602.png,1,0.343489583,-0.125925926,0,0,0,1,0.4609375,-0.049074074,1,0.256510417,-0.05462963,0,0,0,0,0,0,0,0,0,0,0,0
,,,,,,,,,,,,,,,,,,,,,,,,
4variationblur603.png,1,0.32890625,-0.122222222,0,0,0,1,0.449739583,-0.047222222,1,0.245572917,-0.052777778,0,0,0,0,0,0,0,0,0,0,0,0
,,,,,,,,,,,,,,,,,,,,,,,,
4variationblur604.png,1,0.3140625,-0.118981481,0,0,0,1,0.437239583,-0.046296296,1,0.233854167,-0.050462963,0,0,0,0,0,0,0,0,0,0,0,0
,,,,,,,,,,,,,,,,,,,,,,,,
4variationblur605.png,1,0.2984375,-0.116666667,0,0,0,1,0.423697917,-0.044444444,1,0.221354167,-0.045833333,0,0,0,0,0,0,0,0,0,0,0,0
,,,,,,,,,,,,,,,,,,,,,,,,
4variationblur606.png,1,0.28203125,-0.112962963,0,0,0,1,0.409635417,-0.043055556,1,0.208333333,-0.044444444,0,0,0,0,0,0,0,0,0,0,0,0
,,,,,,,,,,,,,,,,,,,,,,,,
4variationblur607.png,1,0.26484375,-0.109259259,0,0,0,1,0.394791667,-0.040277778,1,0.19609375,-0.043518519,0,0,0,0,0,0,0,0,0,0,0,0
,,,,,,,,,,,,,,,,,,,,,,,,
4variationblur608.png,1,0.2453125,-0.105092593,0,0,0,1,0.378645833,-0.038425926,0,0,0,0,0,0,0,0,0,0,0,0,0,0,0
,,,,,,,,,,,,,,,,,,,,,,,,
4variationblur609.png,1,0.22578125,-0.102314815,0,0,0,1,0.361979167,-0.036111111,0,0,0,0,0,0,0,0,0,0,0,0,0,0,0
,,,,,,,,,,,,,,,,,,,,,,,,
4variationblur610.png,1,0.20546875,-0.100462963,0,0,0,1,0.344270833,-0.033796296,0,0,0,0,0,0,0,0,0,0,0,0,0,0,0
,,,,,,,,,,,,,,,,,,,,,,,,
4variationblur611.png,1,0.18359375,-0.098148148,0,0,0,1,0.32578125,-0.031018519,0,0,0,0,0,0,0,0,0,0,0,0,0,0,0
,left_front_wheel,,,,,,left_armor,,,,,,,,,,,,,,,back,,
4variationblur612.png,1,0.162239583,-0.096759259,1,0.489583333,-0.124537037,1,0.30625,-0.029166667,0,0,0,0,0,0,0,0,0,0,0,0,0,0,0
,,,,,,,,,,,,,,,,,,,,,,,,
4variationblur613.png,1,0.140625,-0.094907407,1,0.473177083,-0.121759259,1,0.286979167,-0.025925926,0,0,0,0,0,0,0,0,0,0,0,0,0,0,0
,,,,,,,,,,,,,,,,,,,,,,,,
4variationblur614.png,1,0.118489583,-0.093055556,1,0.45234375,-0.119444444,1,0.266666667,-0.023148148,0,0,0,0,0,0,0,0,0,0,0,0,0,0,0
,,,,,,,,,,,,,,,,,,,,,,,,
4variationblur615.png,1,0.096354167,-0.091666667,1,0.431510417,-0.116666667,1,0.24609375,-0.020833333,0,0,0,0,0,0,0,0,0,0,0,0,0,0,0
,,,,,,,,,,,,,,,,,,,,,,,,
4variationblur616.png,1,0.07421875,-0.089814815,1,0.409895833,-0.113888889,1,0.225520833,-0.01712963,0,0,0,0,0,0,0,0,0,0,0,0,0,0,0
,,,,,,,,,,,,,,,,,,,,,,,,
4variationblur617.png,1,0.0515625,-0.086574074,1,0.3875,-0.111111111,1,0.20390625,-0.014814815,0,0,0,0,0,0,0,0,0,0,0,0,0,0,0
,,,,,,,,,,,,,,,,,,,,,,,,
4variationblur618.png,1,0.02890625,-0.084259259,1,0.36484375,-0.108796296,1,0.18203125,-0.011574074,0,0,0,0,0,0,0,0,0,0,0,0,0,0,0
,,,,,,,,,,,,,,,,,,,,,,,,
4variationblur619.png,1,0.005208333,-0.080555556,1,0.342447917,-0.106018519,1,0.159895833,-0.008796296,0,0,0,0,0,0,0,0,0,0,0,0,0,0,0
,,,,,,,,,,,,,,,,,,,,,,,,
4variationblur620.png,1,-0.018229167,-0.077314815,1,0.317708333,-0.103240741,1,0.13828125,-0.006481481,0,0,0,0,0,0,0,0,0,0,0,0,0,0,0
,,,,,,,,,,,,,,,,,,,,,,,,
4variationblur621.png,1,-0.041145833,-0.074074074,1,0.294010417,-0.100925926,1,0.116145833,-0.00462963,0,0,0,0,0,0,0,0,0,0,0,0,0,0,0
,,,,,,,,,,,,,,,,,,,,,,,,
4variationblur622.png,1,-0.065625,-0.07037037,1,0.272916667,-0.097222222,1,0.094270833,-0.001851852,0,0,0,0,0,0,0,0,0,0,0,0,0,0,0
,,,,,,,,,,,,,,,,,,,,,,,,
4variationblur623.png,1,-0.090625,-0.066666667,1,0.24765625,-0.094907407,1,0.072135417,0.000925926,0,0,0,0,0,0,0,0,0,0,0,0,0,0,0
,,,,,,,,,,,,,,,,,,,,,,,,
4variationblur624.png,1,-0.117447917,-0.0625,1,0.2234375,-0.092592593,1,0.05,0.003703704,0,0,0,0,0,0,0,0,0,0,0,0,0,0,0
,,,,,,,,,,,,,,,,,,,,,,,,
4variationblur625.png,1,-0.145572917,-0.057407407,1,0.195833333,-0.090740741,1,0.027083333,0.006481481,0,0,0,0,0,0,0,0,0,0,0,0,0,0,0
,,,,,,,,,,,,,,,,,,,,,,,,
4variationblur626.png,1,-0.175,-0.053703704,1,0.172135417,-0.089814815,1,0.003645833,0.008796296,0,0,0,0,0,0,0,0,0,0,0,0,0,0,0
,,,,,,,,,,,,,,,,,,,,,,,,
4variationblur627.png,1,-0.203645833,-0.050462963,1,0.144270833,-0.088888889,1,-0.020572917,0.012037037,0,0,0,0,0,0,0,0,0,0,0,0,0,0,0
,,,,,,,,,,,,,,,,,,,,,,,,
4variationblur628.png,1,-0.23125,-0.04537037,1,0.113541667,-0.0875,1,-0.045052083,0.015277778,0,0,0,0,0,0,0,0,0,0,0,0,0,0,0
,,,,,,,,,,,,,,,,,,,,,,,,0
4variationblur629.png,1,-0.2578125,-0.040740741,1,0.084114583,-0.087037037,1,-0.069270833,0.018518519,0,0,0,0,0,0,0,0,0,0,0,0,0,0,0
,,,,,,,,,,,,,,,,,,,,,,,,
4variationblur630.png,1,-0.283333333,-0.034722222,1,0.052083333,-0.086111111,1,-0.094270833,0.021296296,0,0,0,0,0,0,0,0,0,0,0,0,0,0,0
,,,,,,,,,,,,,,,,,,,,,,,,
4variationblur631.png,1,-0.3078125,-0.026851852,1,0.017708333,-0.084722222,1,-0.11875,0.025,0,0,0,0,0,0,0,0,0,0,0,0,0,0,0
,,,,,,,,,,,,,,,,,,,,,,,,
4variationblur632.png,1,-0.330989583,-0.017592593,1,-0.016927083,-0.08287037,1,-0.144010417,0.028703704,0,0,0,0,0,0,0,0,0,0,0,0,0,0,0
,,,,,,,,,,,,,,,,,,,,,,,,
4variationblur633.png,1,-0.351822917,-0.00787037,1,-0.052864583,-0.081018519,1,-0.168229167,0.031481481,0,0,0,0,0,0,0,0,0,0,0,0,1,0.024739583,-0.023611111
,,,,,,,,,,,,,,,,,,,,,,,,
4variationblur634.png,1,-0.37109375,0.001851852,1,-0.089322917,-0.081018519,1,-0.193229167,0.035185185,0,0,0,0,0,0,0,0,0,0,0,0,1,0.0015625,-0.025462963
,,,,,,,,,,,,,,,,,,,,,,,,
4variationblur635.png,1,-0.390104167,0.011111111,1,-0.147395833,-0.078703704,1,-0.216927083,0.039814815,0,0,0,0,0,0,0,0,0,0,0,0,1,-0.02265625,-0.025462963
,,,,,,,,,,,,,,,,,,,,,,,,
4variationblur636.png,1,-0.405729167,0.017592593,1,-0.18828125,-0.065740741,1,-0.240104167,0.043518519,0,0,0,0,0,0,0,0,0,0,0,0,1,-0.047916667,-0.026388889
,,,,,,,,,,,,,,,,,,,,,,,,
4variationblur637.png,1,-0.417708333,0.025,1,-0.201822917,-0.068055556,1,-0.261458333,0.048611111,0,0,0,0,0,0,0,0,0,0,0,0,1,-0.075260417,-0.026388889
,,,,,,,,,,,,,,,,,,,,,,,,
4variationblur638.png,1,-0.425260417,0.032407407,1,-0.429947917,0.038425926,1,-0.279947917,0.052314815,0,0,0,0,0,0,0,0,0,0,0,0,1,-0.103125,-0.025462963
,,,,,,,,,,,,,,,,,,,,,,,,
4variationblur639.png,1,-0.43125,0.039351852,0,0,0,1,-0.3,0.066203704,0,0,0,0,0,0,0,0,0,0,0,0,1,-0.131770833,-0.025
,,,,,,,,,,,,,,,,,,,,,,,,
4variationblur640.png,1,-0.433854167,0.046759259,0,0,0,0,0,0,0,0,0,0,0,0,0,0,0,0,0,0,1,-0.161458333,-0.023148148
,,,,,,,,,,,,,,,,,,,,,,,,
4variationblur641.png,0,0,0,0,0,0,0,0,0,0,0,0,0,0,0,0,0,0,0,0,0,1,-0.192447917,-0.021759259
,,,,,,,,,,,,,,,,,,,,,,,,
4variationblur642.png,0,0,0,0,0,0,0,0,0,0,0,0,0,0,0,0,0,0,0,0,0,1,-0.222395833,-0.018518519
,,,,,,,,,,,,,,,,,,,,,,,,
4variationblur643.png,0,0,0,0,0,0,0,0,0,0,0,0,0,0,0,0,0,0,0,0,0,1,-0.25234375,-0.016666667
,,,,,,,,,,,,,,,,,,,,,,,,
4variationblur644.png,0,0,0,0,0,0,0,0,0,0,0,0,0,0,0,0,0,0,0,0,0,1,-0.28046875,-0.0125
,,,,,,,,,,,,,,,,,,,,,,,,
4variationblur645.png,0,0,0,0,0,0,0,0,0,0,0,0,0,0,0,0,0,0,0,0,0,1,-0.307552083,-0.008796296
,,,,,,,,,,,,,,,,,,,,,,,,
4variationblur646.png,1,-0.217708333,0.087037037,0,0,0,0,0,0,0,0,0,0,0,0,0,0,0,0,0,0,1,-0.333333333,-0.003240741
,,,,,,,,,,,,,,,,,,,,,,back,,
4variationblur647.png,0,0,0,0,0,0,0,0,0,0,0,0,1,-0.144270833,0.080555556,0,0,0,1,-0.225520833,0.089351852,1,-0.35703125,0.002314815
,,,,,,,,,,,,,,,,,,,,,,,,
4variationblur648.png,0,0,0,0,0,0,0,0,0,0,0,0,1,-0.140364583,0.080092593,0,0,0,1,-0.232291667,0.099074074,1,-0.379427083,0.008333333
,,,,,,,,,,,,,,,,,,,,,,,,
4variationblur649.png,0,0,0,0,0,0,0,0,0,0,0,0,1,-0.1375,0.077314815,1,-0.239322917,-0.003240741,1,-0.240104167,0.103703704,1,-0.398958333,0.014351852
,,,,,,,,,,,,,,,,,,,,,,,,
4variationblur650.png,0,0,0,0,0,0,0,0,0,0,0,0,1,-0.136197917,0.076851852,1,-0.262760417,0.002314815,1,-0.248177083,0.102777778,1,-0.416145833,0.021296296
,,,,,,,,,,,,,,,,,,,,,,,,
4variationblur651.png,0,0,0,0,0,0,0,0,0,0,0,0,1,-0.135416667,0.076851852,1,-0.28671875,0.004166667,1,-0.255989583,0.096296296,1,-0.43125,0.027314815
,,,,,,,,,,,,,,,,,,,,,,,,
4variationblur652.png,0,0,0,0,0,0,0,0,0,0,0,0,1,-0.135416667,0.076388889,1,-0.309895833,0.008796296,1,-0.26328125,0.099537037,1,-0.443229167,0.035185185
,,,,,,,,,,,,,,,,,,,,,,,,
4variationblur653.png,0,0,0,0,0,0,0,0,0,0,0,0,1,-0.1359375,0.075462963,1,-0.3328125,0.013425926,1,-0.2703125,0.101388889,1,-0.452864583,0.041666667
,,,,,,,,,,,,,,,,,,,,,,,,
4variationblur654.png,0,0,0,0,0,0,0,0,0,0,0,0,1,-0.1375,0.075,1,-0.352864583,0.01712963,1,-0.276822917,0.103240741,1,-0.460677083,0.048611111
,,,,,,,,,,,,,,,,,,,,,,,,
4variationblur655.png,0,0,0,0,0,0,0,0,0,0,0,0,1,-0.139322917,0.075,1,-0.372916667,0.022685185,1,-0.282552083,0.106944444,1,-0.465625,0.056944444
,,,,,,,,,,,,,,,,,,,,,,,,
4variationblur656.png,0,0,0,0,0,0,0,0,0,0,0,0,1,-0.1421875,0.074537037,1,-0.390885417,0.028240741,1,-0.287760417,0.108796296,1,-0.468489583,0.062962963
,,,,,,,,,,,,,,,,,,,,,,,,
4variationblur657.png,0,0,0,0,0,0,0,0,0,0,0,0,1,-0.1453125,0.074537037,1,-0.404947917,0.033796296,1,-0.291666667,0.1125,1,-0.46953125,0.069444444
,,,,,,,,,,,,,,,,,,,,,,,,
4variationblur658.png,0,0,0,0,0,0,0,0,0,0,0,0,1,-0.148177083,0.075462963,1,-0.415885417,0.039814815,1,-0.294791667,0.115740741,0,0,0
,,,,,,,,,,,,,,,,,,,,,,,,
4variationblur659.png,0,0,0,0,0,0,0,0,0,0,0,0,1,-0.151041667,0.075462963,1,-0.424479167,0.045833333,1,-0.297135417,0.118055556,0,0,0
,,,,,,,,,,,,,,,,,,,,,,,,
4variationblur660.png,0,0,0,0,0,0,0,0,0,0,0,0,1,-0.153645833,0.076388889,1,-0.429947917,0.051851852,1,-0.297916667,0.120833333,0,0,0
,,,,,,,,,,,,,,,,,,,,,,,,
4variationblur661.png,0,0,0,0,0,0,0,0,0,0,0,0,1,-0.155208333,0.078240741,1,-0.432291667,0.058796296,1,-0.297395833,0.125462963,0,0,0
,,,,,,,,,,,,,,,,,,,,,,,,
4variationblur662.png,0,0,0,0,0,0,0,0,0,0,0,0,1,-0.155989583,0.078703704,1,-0.43359375,0.063425926,1,-0.296354167,0.126851852,0,0,0
,,,,,,,,,,,,,,,,,,,,,,,,
4variationblur663.png,0,0,0,0,0,0,0,0,0,0,0,0,1,-0.15625,0.080092593,1,-0.431770833,0.06712963,1,-0.294010417,0.129166667,0,0,0
,,,,,,,,,,,,,,,,,,,,,,,,
4variationblur664.png,0,0,0,0,0,0,0,0,0,0,0,0,1,-0.153645833,0.081018519,1,-0.429427083,0.071296296,1,-0.290885417,0.131944444,0,0,0
,,,,,,,,,,,,,,,,,,,,,,,,
4variationblur665.png,0,0,0,0,0,0,0,0,0,0,0,0,1,-0.15234375,0.081944444,1,-0.424739583,0.074537037,1,-0.286458333,0.133796296,0,0,0
,,,,,,,,,,,,,,,,,,,,,,,,
4variationblur666.png,0,0,0,0,0,0,0,0,0,0,0,0,1,-0.148697917,0.08287037,1,-0.419010417,0.076851852,1,-0.280989583,0.135648148,0,0,0
,,,,,,,,,,,,,,,,,,,,,,,,
4variationblur667.png,0,0,0,0,0,0,0,0,0,0,0,0,1,-0.144791667,0.083796296,1,-0.4125,0.080555556,1,-0.274739583,0.138425926,0,0,0
,,,,,,,,,,,,,,,,,,,,,,,,
4variationblur668.png,0,0,0,0,0,0,0,0,0,0,0,0,1,-0.140364583,0.084259259,1,-0.404947917,0.083333333,1,-0.267708333,0.139814815,0,0,0
,,,,,,,,,,,,,,,,,,,,,,,,
4variationblur669.png,0,0,0,0,0,0,0,0,0,0,0,0,1,-0.134375,0.085648148,1,-0.397395833,0.086111111,1,-0.259895833,0.14212963,0,0,0
,,,,,,,,,,,,,,,,,,,,,,,,
4variationblur670.png,0,0,0,0,0,0,0,0,0,0,0,0,1,-0.128385417,0.087037037,1,-0.3875,0.089351852,1,-0.2515625,0.143981481,0,0,0
,,,,,,,,,,,,,,,,,,,,,,,,
4variationblur671.png,0,0,0,0,0,0,0,0,0,0,0,0,1,-0.120833333,0.089814815,1,-0.377083333,0.09212963,1,-0.241927083,0.145833333,0,0,0
,,,,,,,,,,,,,,,,,,,,,,,,
4variationblur672.png,0,0,0,0,0,0,0,0,0,0,0,0,1,-0.112760417,0.091666667,1,-0.366145833,0.09537037,1,-0.23203125,0.147222222,0,0,0
,,,,,,,,,,,,,,,,,,,,,,,,
4variationblur673.png,0,0,0,0,0,0,0,0,0,0,0,0,1,-0.10234375,0.094444444,1,-0.35390625,0.097222222,1,-0.221614583,0.147685185,0,0,0
,,,,,,,,,,,,,,,,,,,,,,,,
4variationblur674.png,0,0,0,0,0,0,0,0,0,0,0,0,1,-0.090885417,0.099074074,1,-0.340364583,0.100462963,1,-0.21015625,0.149074074,0,0,0
,,,,,,,,,,,,,,,,,,,,,,,,
4variationblur675.png,0,0,0,0,0,0,0,0,0,0,0,0,1,-0.077864583,0.098611111,1,-0.326041667,0.100925926,1,-0.1984375,0.149537037,0,0,0
,,,,,,,,,,,,,,,,,,,,,,,,
4variationblur676.png,0,0,0,0,0,0,0,0,0,0,0,0,1,-0.063802083,0.1,1,-0.310416667,0.101388889,1,-0.185677083,0.151388889,0,0,0
,,,,,,,,,,,,,,,,,,,,,,,,
4variationblur677.png,0,0,0,0,0,0,0,0,0,0,0,0,1,-0.048697917,0.1,1,-0.29453125,0.100462963,1,-0.172135417,0.151851852,0,0,0
,,,,,,,,,,,,,,,,,,,,,,,,
4variationblur678.png,0,0,0,0,0,0,0,0,0,0,0,0,1,-0.034895833,0.100462963,1,-0.277864583,0.099537037,1,-0.158333333,0.151851852,0,0,0
,,,,,,,,,,,,,,,,,,,,,,,,
4variationblur679.png,0,0,0,0,0,0,0,0,0,0,0,0,1,-0.021354167,0.101851852,1,-0.259635417,0.098611111,1,-0.144010417,0.152314815,0,0,0
,,,,,,,,,,,,,,,,,,,,,,,,
4variationblur680.png,0,0,0,0,0,0,0,0,0,0,0,0,1,-0.006510417,0.105092593,1,-0.239583333,0.098611111,1,-0.12890625,0.152777778,0,0,0
,,,,,,,,,,,,,,,,,,,,,,,,
4variationblur681.png,0,0,0,0,0,0,0,0,0,0,0,0,1,0.008072917,0.108796296,1,-0.218229167,0.098611111,1,-0.113802083,0.152777778,0,0,0
,,,,,,,,,,,,,,,,,,,,,,,,
4variationblur682.png,0,0,0,0,0,0,0,0,0,0,0,0,1,0.023697917,0.112962963,1,-0.196614583,0.098611111,1,-0.098697917,0.153240741,0,0,0
,,,,,,,,,,,,,,,,,,,,,,,,
4variationblur683.png,0,0,0,0,0,0,0,0,0,0,0,0,1,0.038802083,0.116203704,1,-0.171875,0.097685185,1,-0.083072917,0.153240741,0,0,0
,,,,,,,,,,,,,,,,,,,,,,,,
4variationblur684.png,0,0,0,0,0,0,0,0,0,0,0,0,1,0.05234375,0.118518519,1,-0.145833333,0.096296296,1,-0.066927083,0.154166667,0,0,0
,,,,,,,,,,,,,,,,,,,,,,,,
4variationblur685.png,0,0,0,0,0,0,0,0,0,0,0,0,1,0.065364583,0.12037037,1,-0.121875,0.095833333,1,-0.052083333,0.155092593,0,0,0
,,,,,,,,,,,,,,,,,,,,,,,,
4variationblur686.png,0,0,0,0,0,0,0,0,0,0,0,0,1,0.076822917,0.121759259,1,-0.097916667,0.093518519,1,-0.036979167,0.155092593,0,0,0
,,,,,,,,,,,,,,,,,,,,,,,,
4variationblur687.png,0,0,0,0,0,0,0,0,0,0,0,0,1,0.086197917,0.123148148,1,-0.07265625,0.093055556,1,-0.02265625,0.156481481,0,0,0
,,,,,,,,,,,,,,,,,,,,,,,,
4variationblur688.png,0,0,0,0,0,0,0,0,0,0,0,0,1,0.094270833,0.127314815,1,-0.04921875,0.093981481,1,-0.008854167,0.157407407,0,0,0
,,,,,,,,,,,,,,,,,,,,,,,,
4variationblur689.png,0,0,0,0,0,0,0,0,0,0,0,0,1,0.101822917,0.130555556,1,-0.02265625,0.096759259,1,0.004947917,0.158333333,0,0,0
,,,,,,,,,,,,,,,,,,,,,,,,
4variationblur690.png,0,0,0,0,0,0,0,0,0,0,0,0,1,0.109114583,0.135648148,1,-0.00078125,0.097222222,1,0.019791667,0.160648148,1,-0.10078125,0.118055556
,,,,,,,,,,,,,,,,,,,,,,,,
4variationblur691.png,0,0,0,0,0,0,0,0,0,0,0,0,1,0.114322917,0.139351852,1,0.020833333,0.100925926,0,0,0,1,-0.083854167,0.118518519
,,,,,,,,,,,,,,,,,,,,,,,,
4variationblur692.png,0,0,0,0,0,0,0,0,0,0,0,0,1,0.11875,0.141666667,1,0.038541667,0.098611111,0,0,0,1,-0.065885417,0.119444444
,,,,,,,,,,,,,,,,,,,,,,,,
4variationblur693.png,0,0,0,0,0,0,0,0,0,0,0,0,1,0.122916667,0.143055556,0,0,0,0,0,0,1,-0.049479167,0.117592593
,,,,,,,,,,,,,,,,,,,,,,,,
4variationblur694.png,0,0,0,0,0,0,0,0,0,0,0,0,1,0.126041667,0.144444444,0,0,0,0,0,0,1,-0.035416667,0.119444444
,,,,,,,,,,,,,,,,0,,,,,,,,
4variationblur695.png,0,0,0,0,0,0,0,0,0,0,0,0,1,0.1296875,0.145833333,0,0,0,1,0.0671875,0.166666667,1,-0.021354167,0.120833333
,,,,,,,,,,,,,,,,,,,,,,,,
4variationblur696.png,0,0,0,0,0,0,0,0,0,0,0,0,1,0.131770833,0.14537037,0,0,0,1,0.0734375,0.166203704,1,-0.009114583,0.120833333
,,,,,,,,,,,,,,,,,,,,,,,,
4variationblur697.png,0,0,0,0,0,0,0,0,0,0,0,0,0,0,0,0,0,0,1,0.079427083,0.165740741,1,0.00078125,0.121759259
,,,,,,,,,,,,,,,,,,,,,,,,
4variationblur698.png,0,0,0,0,0,0,0,0,0,0,0,0,0,0,0,0,0,0,1,0.084635417,0.164351852,1,0.009635417,0.122685185
,,,,,,,,,,,,,,,,,,,,,,,,
4variationblur699.png,0,0,0,0,0,0,0,0,0,0,0,0,0,0,0,0,0,0,0,0,0,1,0.018489583,0.123611111
,left_front_wheel,lfw_x,lfw_y,left_back_wheel,lbw_x,lbw_y,left_armor,la_x,la_y,front,f_x,f_y,right_front_wheel,rfw_x,rfw_y,right_back_wheel,rbw_x,rbw_y,right_armor,ra_x,ra_y,back,b_x,b_y
4variationblur700.png,0,0,0,0,0,0,0,0,0,0,0,0,0,0,0,0,0,0,0,0,0,1,0.025260417,0.125
,,,,,,,,,,,,,,,,,,,,,,,,
4variationblur701.png,0,0,0,0,0,0,0,0,0,0,0,0,0,0,0,0,0,0,0,0,0,1,0.031510417,0.125462963
,,,,,,,,,,,,,,,,,,,,,,,,
4variationblur702.png,0,0,0,0,0,0,0,0,0,0,0,0,0,0,0,0,0,0,0,0,0,1,0.03671875,0.126851852
,,,,,,,,,,,,,,,,,,,,,,,,
4variationblur703.png,0,0,0,0,0,0,0,0,0,0,0,0,0,0,0,0,0,0,0,0,0,1,0.04140625,0.128703704
,,,,,,,,,,,,,,,,,,,,,,,,
4variationblur704.png,0,0,0,0,0,0,0,0,0,0,0,0,0,0,0,0,0,0,0,0,0,1,0.04609375,0.130092593
,,,,,,,,,,,,,,,,,,,,,,,,
4variationblur705.png,0,0,0,0,0,0,0,0,0,0,0,0,0,0,0,0,0,0,0,0,0,1,0.049479167,0.131481481
,,,,,,,,,,,,,,,,,,,,,,,,
4variationblur706.png,0,0,0,0,0,0,0,0,0,0,0,0,0,0,0,0,0,0,0,0,0,1,0.052604167,0.133333333
,,,,,,,,,,,,,,,,,,,,,,,,
4variationblur707.png,0,0,0,0,0,0,0,0,0,0,0,0,0,0,0,0,0,0,0,0,0,1,0.05546875,0.135185185
,,,,,,,,,,,,,,,,,,,,,,,,
4variationblur708.png,0,0,0,0,0,0,0,0,0,0,0,0,0,0,0,0,0,0,0,0,0,1,0.058333333,0.136574074
,,,,,,,,,,,,,,,,,,,,,,,,
4variationblur709.png,0,0,0,0,0,0,0,0,0,0,0,0,0,0,0,0,0,0,0,0,0,1,0.061458333,0.138888889
,,,,,,,,,,,,,,,,,,,,,,,,
4variationblur710.png,0,0,0,0,0,0,0,0,0,0,0,0,0,0,0,0,0,0,0,0,0,1,0.064322917,0.141203704
,,,,,,,,,,,,,,,,,,,,,,,,
4variationblur711.png,0,0,0,0,0,0,0,0,0,0,0,0,0,0,0,0,0,0,0,0,0,1,0.068489583,0.142592593
,,,,,,,,,,,,,,,,,,,,,,,,
4variationblur712.png,0,0,0,0,0,0,0,0,0,0,0,0,0,0,0,0,0,0,0,0,0,1,0.07265625,0.144444444
,,,,,,,,,,,,,,,,,,,,,,,,
4variationblur713.png,0,0,0,0,0,0,0,0,0,0,0,0,0,0,0,0,0,0,0,0,0,1,0.077083333,0.146759259
,,,,,,,,,,,,,,,,,,,,,,,,
4variationblur714.png,0,0,0,0,0,0,0,0,0,0,0,0,0,0,0,0,0,0,0,0,0,1,0.081510417,0.147685185
,,,,,,,,,,,,,,,,,,,,,,,,
4variationblur715.png,0,0,0,0,0,0,0,0,0,0,0,0,0,0,0,0,0,0,0,0,0,1,0.086458333,0.15
,,,,,,,,,,,,,,,,,,,,,,,,
4variationblur716.png,0,0,0,0,0,0,0,0,0,0,0,0,0,0,0,0,0,0,0,0,0,1,0.090885417,0.151388889
,,,,,,,,,,,,,,,,,,,,,,,,
4variationblur717.png,0,0,0,0,0,0,0,0,0,0,0,0,0,0,0,0,0,0,0,0,0,1,0.0953125,0.153240741
,,,,,,,,,,,,,,,,,,,,,,,,
4variationblur718.png,0,0,0,0,0,0,0,0,0,0,0,0,0,0,0,0,0,0,0,0,0,1,0.1,0.155555556
,,,,,,,,,,,,,,,,,,,,,,,,
4variationblur719.png,0,0,0,0,0,0,0,0,0,0,0,0,0,0,0,0,0,0,0,0,0,1,0.104427083,0.157407407
,,,,,,,,,,,,,,,,,,,,,,,,
4variationblur720.png,0,0,0,0,0,0,0,0,0,0,0,0,0,0,0,0,0,0,0,0,0,1,0.108072917,0.159722222
,,,,,,,,,,,,,,,,,,,,,,,,
4variationblur721.png,0,0,0,0,0,0,0,0,0,0,0,0,0,0,0,0,0,0,0,0,0,1,0.11171875,0.161574074
,,,,,,,,,,,,,,,,,,,,,,,,
4variationblur722.png,1,-0.017447917,0.186111111,0,0,0,0,0,0,0,0,0,0,0,0,0,0,0,0,0,0,1,0.114322917,0.163425926
,,,,,,,,,,,,,,,,,,,,,,,,
4variationblur723.png,0,0,0,0,0,0,0,0,0,0,0,0,0,0,0,0,0,0,0,0,0,1,0.116927083,0.164351852
,,,,,,,,,,,,,,,,,,,,,,,,
4variationblur724.png,1,-0.021875,0.186111111,0,0,0,1,0.041145833,0.199537037,0,0,0,0,0,0,0,0,0,0,0,0,1,0.11875,0.166666667
,,,,,,,,,,,,,,,,,,,,,,,,
4variationblur725.png,1,-0.02421875,0.186574074,1,0.057552083,0.165277778,1,0.040364583,0.200462963,0,0,0,0,0,0,0,0,0,0,0,0,1,0.120052083,0.168518519
,,,,,,,,,,,,,,,,,,,,,,,,
4variationblur726.png,1,-0.026302083,0.187037037,1,0.0625,0.166666667,1,0.040364583,0.201388889,0,0,0,0,0,0,0,0,0,0,0,0,1,0.121354167,0.17037037
,,,,,,,,,,,,,,,,,,,,,,,,
4variationblur727.png,1,-0.028385417,0.187037037,1,0.067447917,0.167592593,1,0.040104167,0.202777778,0,0,0,0,0,0,0,0,0,0,0,0,1,0.121875,0.171759259
,,,,,,,,,,,,,,,,,,,,,,,,
4variationblur728.png,1,-0.030208333,0.1875,1,0.072135417,0.168518519,1,0.039583333,0.203240741,0,0,0,0,0,0,0,0,0,0,0,0,1,0.121875,0.173611111
,,,,,,,,,,,,,,,,,,,,,,,,
4variationblur729.png,1,-0.031510417,0.187962963,1,0.0765625,0.168518519,1,0.0390625,0.203703704,0,0,0,0,0,0,0,0,0,0,0,0,1,0.121614583,0.175462963
,,,,,,,,,,,,,,,,,,,,,,,,
4variationblur730.png,1,-0.0328125,0.188425926,1,0.080208333,0.170833333,1,0.038541667,0.205092593,0,0,0,0,0,0,0,0,0,0,0,0,1,0.1203125,0.177777778
,,,,,,,,,,,,,,,,,,,,,,,,
4variationblur731.png,1,-0.03359375,0.189351852,1,0.084114583,0.171759259,1,0.03828125,0.205555556,0,0,0,0,0,0,0,0,0,0,0,0,1,0.119010417,0.180092593
,,,,,,,,,,,,,,,,,,,,,,,,
4variationblur732.png,1,-0.034114583,0.189814815,1,0.087760417,0.173148148,1,0.0375,0.206018519,0,0,0,0,0,0,0,0,0,0,0,0,1,0.1171875,0.181018519
,,,,,,,,,,,,,,,,,,,,,,,,
4variationblur733.png,1,-0.034114583,0.189814815,1,0.090364583,0.175,1,0.036979167,0.206944444,0,0,0,0,0,0,0,0,0,0,0,0,0,0,0
,,,,,,,,,,,,,,,,,,,,,,,,
4variationblur734.png,1,-0.034114583,0.189814815,1,0.092447917,0.176851852,1,0.0359375,0.20787037,0,0,0,0,0,0,0,0,0,0,0,0,0,0,0
,,,,,,,,,,,,,,,,,,,,,,,,
4variationblur735.png,1,-0.033072917,0.190277778,1,0.09453125,0.177314815,1,0.03515625,0.208796296,0,0,0,0,0,0,0,0,0,0,0,0,0,0,0
,,,,,,,,,,,,,,,,,,,,,,,,
4variationblur736.png,1,-0.031510417,0.188888889,1,0.096614583,0.178240741,1,0.034635417,0.208796296,0,0,0,0,0,0,0,0,0,0,0,0,0,0,0
,,,,,,,,,,,,,,,,,,,,,,,,
4variationblur737.png,1,-0.029427083,0.188888889,1,0.098177083,0.180092593,1,0.034635417,0.209722222,1,-0.026822917,0.201851852,0,0,0,0,0,0,0,0,0,0,0,0
,,,,,,,,,,,,,,,,,,,,,,,,
4variationblur738.png,1,-0.02578125,0.188425926,1,0.1,0.181481481,1,0.034375,0.210648148,1,-0.02578125,0.201388889,0,0,0,0,0,0,0,0,0,0,0,0
,,,,,,,,,,,,,,,,,,,,,,,,
4variationblur739.png,1,-0.021875,0.187962963,1,0.101041667,0.183796296,1,0.034635417,0.211574074,1,-0.02421875,0.201851852,0,0,0,0,0,0,0,0,0,0,0,0
,,,,,,,,,,,,,,,,,,,,,,,,
4variationblur740.png,1,-0.016927083,0.187037037,1,0.101822917,0.185185185,1,0.03515625,0.2125,0,0,0,0,0,0,0,0,0,0,0,0,0,0,0
,,,,,,,,,,,,,,,,,,,,,,,,
4variationblur741.png,1,-0.011458333,0.187037037,1,0.10234375,0.186574074,1,0.035677083,0.2125,1,-0.040885417,0.199074074,0,0,0,0,0,0,0,0,0,0,0,0
,,,,,,,,,,,,,,,,,,,,,,,,
4variationblur742.png,1,-0.005208333,0.185648148,1,0.102083333,0.188888889,1,0.036458333,0.213425926,1,-0.040364583,0.199074074,0,0,0,0,0,0,0,0,0,0,0,0
,,,,,,,,,,,,,,,,,,,,,,,,
4variationblur743.png,1,0.000520833,0.186111111,1,0.101302083,0.190740741,1,0.036979167,0.214351852,1,-0.0390625,0.198611111,0,0,0,0,0,0,0,0,0,0,0,0
,,,,,,,,,,,,,,,,,,,,,,,,
4variationblur744.png,1,0.006770833,0.186111111,1,0.099739583,0.191666667,1,0.037760417,0.214351852,1,-0.037239583,0.198148148,0,0,0,0,0,0,0,0,0,0,0,0
,,,,,,,,,,,,,,,,,,,,,,,,
4variationblur745.png,1,0.01171875,0.186574074,1,0.098177083,0.193518519,1,0.038020833,0.215277778,1,-0.035677083,0.197685185,0,0,0,0,0,0,0,0,0,0,0,0
,,,,,,,,,,,,,,,,,,,,,,,,
4variationblur746.png,1,0.015104167,0.187037037,1,0.096614583,0.195833333,1,0.037760417,0.216203704,1,-0.033854167,0.197685185,0,0,0,0,0,0,0,0,0,0,0,0
,,,,,,,,,,,,,,,,,,,,,,,,
4variationblur747.png,1,0.017708333,0.188425926,1,0.095052083,0.196759259,1,0.037760417,0.217592593,1,-0.0328125,0.198148148,0,0,0,0,0,0,0,0,0,0,0,0
,,,,,,,,,,,,,,,,,,,,,,,,
4variationblur748.png,1,0.01953125,0.189351852,1,0.093489583,0.197685185,1,0.0375,0.218518519,1,-0.03203125,0.198611111,0,0,0,0,0,0,0,0,0,0,0,0
,,,,,,,,,,,,,,,,,,,,,,,,
4variationblur749.png,1,0.021354167,0.190277778,1,0.0921875,0.198611111,1,0.037239583,0.218518519,1,-0.03125,0.198611111,0,0,0,0,0,0,0,0,0,0,0,0
,,,,,,,,,,,,,,,,,,,,,,,,
4variationblur750.png,1,0.022135417,0.190277778,1,0.09140625,0.199537037,1,0.037239583,0.219444444,1,-0.030729167,0.199537037,0,0,0,0,0,0,0,0,0,0,0,0
,,,,,,,,,,,,,,,,,,,,,,,,
4variationblur751.png,1,0.02265625,0.190740741,1,0.090885417,0.200462963,1,0.036979167,0.219907407,1,-0.030208333,0.200462963,0,0,0,0,0,0,0,0,0,0,0,0
,,,,,,,,,,,,,,,,,,,,,,,,
4variationblur752.png,1,0.023697917,0.191203704,1,0.090625,0.200462963,1,0.037239583,0.219907407,1,-0.0296875,0.200462963,0,0,0,0,0,0,0,0,0,0,0,0
,,,,,,,,,,,,,,,,,,,,,,,,
4variationblur753.png,1,0.024479167,0.191666667,1,0.090885417,0.200462963,1,0.037760417,0.22037037,1,-0.028645833,0.200462963,0,0,0,0,0,0,0,0,0,0,0,0
,,,,,,,,,,,,,,,,,,,,,,,,
4variationblur754.png,1,0.02578125,0.191666667,1,0.09140625,0.201388889,1,0.038541667,0.22037037,1,-0.027864583,0.201388889,0,0,0,0,0,0,0,0,0,0,0,0
,,,,,,,,,,,,,,,,,,,,,,,,
4variationblur755.png,1,0.0265625,0.192592593,1,0.092708333,0.201851852,1,0.03984375,0.221296296,1,-0.026822917,0.201851852,0,0,0,0,0,0,0,0,0,0,0,0
,,,,,,,,,,,,,,,,,,,,,,,,
4variationblur756.png,1,0.027604167,0.193055556,1,0.093489583,0.202314815,1,0.040625,0.221296296,1,-0.02578125,0.201388889,0,0,0,0,0,0,0,0,0,0,0,0
,,,,,,,,,,,,,,,,,,,,,,,,
4variationblur757.png,1,0.028645833,0.193518519,1,0.09453125,0.202314815,1,0.041666667,0.221296296,1,-0.02421875,0.201851852,0,0,0,0,0,0,0,0,0,0,0,0
,,,,,,,,,,,,,,,,,,,,,,,,
4variationblur758.png,1,0.0296875,0.193518519,1,0.095572917,0.202314815,1,0.04296875,0.222222222,1,-0.023177083,0.202314815,0,0,0,0,0,0,0,0,0,0,0,0
,,,,,,,,,,,,,,,,,,,,,,,,
4variationblur759.png,1,0.030989583,0.194444444,1,0.097135417,0.203703704,1,0.044270833,0.222222222,1,-0.022135417,0.203240741,0,0,0,0,0,0,0,0,0,0,0,0
,,,,,,,,,,,,,,,,,,,,,,,,
4variationblur760.png,1,0.03203125,0.194444444,1,0.098177083,0.204166667,1,0.045572917,0.223148148,1,-0.020572917,0.203240741,0,0,0,0,0,0,0,0,0,0,0,0
,,,,,,,,,,,,,,,,,,,,,,,,
4variationblur761.png,1,0.033072917,0.194907407,1,0.099739583,0.204166667,1,0.046614583,0.223148148,1,-0.019791667,0.203240741,0,0,0,0,0,0,0,0,0,0,0,0
,,,,,,,,,,,,,,,,,,,,,,,,
4variationblur762.png,1,0.034114583,0.194444444,1,0.100520833,0.204166667,1,0.04765625,0.223148148,1,-0.019010417,0.203240741,0,0,0,0,0,0,0,0,0,0,0,0
,,,,,,,,,,,,,,,,,,,,,,,,
4variationblur763.png,1,0.034635417,0.194444444,1,0.1015625,0.204166667,1,0.048697917,0.223611111,1,-0.01796875,0.204166667,0,0,0,0,0,0,0,0,0,0,0,0
,,,,,,,,,,1,0.10234375,0.205092593,,,,,,,,,,,,
4variationblur764.png,1,0.035416667,0.194907407,1,0.10234375,0.205092593,1,0.04921875,0.224074074,1,-0.017447917,0.204166667,0,0,0,0,0,0,0,0,0,0,0,0
,,,,,,,,,,,,,,,,,,,,,,,,
4variationblur765.png,1,0.03515625,0.19537037,1,0.103125,0.205092593,1,0.04921875,0.224074074,1,-0.017708333,0.20462963,0,0,0,0,0,0,0,0,0,0,0,0
,,,,,,,,,,,,,,,,,,,,,,,,
4variationblur766.png,1,0.034895833,0.195833333,1,0.103385417,0.205092593,1,0.049739583,0.225,1,-0.017708333,0.205092593,0,0,0,0,0,0,0,0,0,0,0,0
,,,,,,,,,,,,,,,,,,,,,,,,
4variationblur767.png,1,0.034375,0.195833333,1,0.103645833,0.205555556,1,0.04921875,0.225,1,-0.018229167,0.205092593,0,0,0,0,0,0,0,0,0,0,0,0
,,,,,,,,,,,,,,,,,,,,,,,,
4variationblur768.png,1,0.033854167,0.196296296,1,0.103385417,0.206018519,1,0.048958333,0.225,1,-0.019010417,0.205092593,0,0,0,0,0,0,0,0,0,0,0,0
,,,,,,,,,,,,,,,,,,,,,,,,
4variationblur769.png,1,0.033072917,0.196759259,1,0.103125,0.206018519,1,0.048177083,0.225462963,1,-0.020052083,0.205092593,0,0,0,0,0,0,0,0,0,0,0,0
,,,,,,,,,,,,,,,,,,,,,,,,
4variationblur770.png,1,0.031770833,0.196759259,1,0.102864583,0.206481481,1,0.047395833,0.225925926,1,-0.02109375,0.206018519,0,0,0,0,0,0,0,0,0,0,0,0
,,,,,,,,,,,,,,,,,,,,,,,,
4variationblur771.png,1,0.03046875,0.197685185,1,0.102083333,0.206481481,1,0.046614583,0.225925926,1,-0.022395833,0.205555556,0,0,0,0,0,0,0,0,0,0,0,0
,,,,,,,,,,,,,,,,,,,,,,,,
4variationblur772.png,1,0.02890625,0.197685185,1,0.101302083,0.206481481,1,0.0453125,0.225925926,1,-0.023958333,0.205555556,0,0,0,0,0,0,0,0,0,0,0,0
,,,,,,,,,,,,,,,,,,,,,,,,
4variationblur773.png,1,0.026822917,0.197685185,1,0.100260417,0.206481481,1,0.044010417,0.226388889,1,-0.026041667,0.206018519,0,0,0,0,0,0,0,0,0,0,0,0
,,,,,,,,,,,,,,,,,,,,,,,,
4variationblur774.png,1,0.024739583,0.197685185,1,0.098958333,0.206481481,1,0.0421875,0.225925926,1,-0.028125,0.205092593,0,0,0,0,0,0,0,0,0,0,0,0
,,,,,,,,,,,,,,,,,,,,,,,,
4variationblur775.png,1,0.022916667,0.198148148,1,0.09765625,0.206481481,1,0.040625,0.225925926,1,-0.030208333,0.206018519,0,0,0,0,0,0,0,0,0,0,0,0
,,,,,,,,,,,,,,,,,,,,,,,,
4variationblur776.png,1,0.020572917,0.197685185,1,0.09609375,0.206481481,1,0.038541667,0.226388889,1,-0.032552083,0.205092593,0,0,0,0,0,0,0,0,0,0,0,0
,,,,,,,,,,,,,,,,,,,,,,,,
4variationblur777.png,1,0.01796875,0.197222222,1,0.094791667,0.206481481,1,0.036458333,0.226388889,1,-0.03515625,0.205092593,0,0,0,0,0,0,0,0,0,0,0,0
,,,,,,,,,,,,,,,,,,,,,,,,
4variationblur778.png,1,0.015104167,0.197222222,1,0.09296875,0.206481481,1,0.034375,0.226388889,1,-0.0375,0.205092593,0,0,0,0,0,0,0,0,0,0,0,0
,,,,,,,,,,,,,,,,,,,,,,,,
4variationblur779.png,1,0.0125,0.197222222,1,0.091145833,0.206481481,1,0.032291667,0.225925926,1,-0.040885417,0.205092593,0,0,0,0,0,0,0,0,0,0,0,0
,,,,,,,,,,,,,,,,,,,,,,,,
4variationblur780.png,1,0.009114583,0.198148148,1,0.0890625,0.205555556,1,0.0296875,0.225925926,1,-0.04375,0.20462963,0,0,0,0,0,0,0,0,0,0,0,0
,,,,,,,,,,,,,,,,,,,,,,,,
4variationblur781.png,1,0.005989583,0.197222222,1,0.08671875,0.205555556,1,0.02734375,0.225925926,1,-0.046875,0.20462963,0,0,0,0,0,0,0,0,0,0,0,0
,,,,,,,,,,,,,,,,,,,,,,,,
4variationblur782.png,1,0.003125,0.196759259,1,0.084895833,0.205555556,1,0.024479167,0.225462963,1,-0.05,0.204166667,0,0,0,0,0,0,0,0,0,0,0,0
,,,,,,,,,,,,,,,,,,,,,,,,
4variationblur783.png,1,-0.000520833,0.196296296,1,0.082291667,0.205555556,1,0.021614583,0.225925926,1,-0.053645833,0.204166667,0,0,0,0,0,0,0,0,0,0,0,0
,,,,,,,,,,,,,,,,,,,,,,,,
4variationblur784.png,1,-0.003645833,0.19537037,1,0.080208333,0.205092593,1,0.019010417,0.225462963,1,-0.05703125,0.203703704,0,0,0,0,0,0,0,0,0,0,0,0
,,,,,,,,,,,,,,,,,,,,,,,,
4variationblur785.png,1,-0.007552083,0.194444444,1,0.077864583,0.20462963,1,0.015885417,0.225462963,1,-0.060677083,0.203240741,0,0,0,0,0,0,0,0,0,0,0,0
,,,,,,,,,,,,,,,,,,,,,,,,
4variationblur786.png,1,-0.011197917,0.193981481,1,0.075260417,0.20462963,1,0.012760417,0.225462963,1,-0.06484375,0.203240741,0,0,0,0,0,0,0,0,0,0,0,0
,,,,,,,,,,,,,,,,,,,,,,,,
4variationblur787.png,1,-0.01484375,0.192592593,1,0.072395833,0.203703704,1,0.009635417,0.225,1,-0.06875,0.202314815,0,0,0,0,0,0,0,0,0,0,0,0
,,,,,,,,,,,,,,,,,,,,,,,,
4variationblur788.png,1,-0.01875,0.191666667,1,0.070052083,0.203240741,1,0.005989583,0.224537037,1,-0.073177083,0.202314815,0,0,0,0,0,0,0,0,0,0,0,0
,,,,,,,,,,,,,,,,,,,,,,,,
4variationblur789.png,1,-0.022916667,0.190277778,1,0.066927083,0.203240741,1,0.002604167,0.224074074,1,-0.07734375,0.201851852,0,0,0,0,0,0,0,0,0,0,0,0
,,,,,,,,,,,,,,,,,,,,,,,,
4variationblur790.png,1,-0.027083333,0.188888889,1,0.0640625,0.202314815,1,-0.001302083,0.223611111,1,-0.08203125,0.200462963,0,0,0,0,0,0,0,0,0,0,0,0
,,,,,,,,,,,,,,,,,,,,,,,,
4variationblur791.png,1,-0.030729167,0.188888889,1,0.0609375,0.201851852,1,-0.005208333,0.223148148,1,-0.08671875,0.200462963,0,0,0,0,0,0,0,0,0,0,0,0
,,,,,,,,,,,,,,,,,,,,,,,,
4variationblur792.png,1,-0.034895833,0.1875,1,0.058854167,0.201851852,1,-0.009114583,0.222222222,1,-0.091145833,0.199074074,0,0,0,0,0,0,0,0,0,0,0,0
,,,,,,,,,,,,,,,,,,,,,,,,
4variationblur793.png,1,-0.03828125,0.187037037,1,0.0546875,0.199074074,1,-0.013020833,0.221759259,1,-0.095833333,0.198148148,0,0,0,0,0,0,0,0,0,0,0,0
,,,,,,,,,,,,,,,,,,,,,,,,
4variationblur794.png,1,-0.041145833,0.186574074,1,0.049479167,0.200462963,1,-0.016927083,0.221296296,1,-0.1,0.197222222,0,0,0,0,0,0,0,0,0,0,0,0
,,,,,,,,,,,,,,,,,,,,,,,,
4variationblur795.png,1,-0.04375,0.185185185,1,0.0453125,0.199537037,1,-0.020833333,0.221296296,1,-0.104166667,0.19537037,0,0,0,0,0,0,0,0,0,0,0,0
,,,,,,,,,,,,,,,,,,,,,,,,
4variationblur796.png,1,-0.045833333,0.184722222,1,0.041145833,0.2,1,-0.024739583,0.219907407,1,-0.10859375,0.193981481,0,0,0,0,0,0,0,0,0,0,0,0
,,,,,,,,,,,,,,,,,,,,,,,,
4variationblur797.png,1,-0.047395833,0.183796296,1,0.036979167,0.198611111,1,-0.02890625,0.219907407,1,-0.111979167,0.192592593,0,0,0,0,0,0,0,0,0,0,0,0
,,,,,,,,,,,,,,,,,,,,,,,,
4variationblur798.png,1,-0.048958333,0.182407407,1,0.032291667,0.199074074,1,-0.033072917,0.219907407,1,-0.115364583,0.191666667,0,0,0,0,0,0,0,0,0,0,0,0
,,,,,,,,,,,,,,,,,,,,,,,,
4variationblur799.png,1,-0.049739583,0.180092593,1,0.02734375,0.198611111,1,-0.036458333,0.218981481,1,-0.11875,0.190277778,0,0,0,0,0,0,0,0,0,0,0,0
,left_front_wheel,lfw_x,lfw_y,left_back_wheel,lbw_x,lbw_y,left_armor,la_x,la_y,front,f_x,f_y,right_front_wheel,rfw_x,rfw_y,right_back_wheel,rbw_x,rbw_y,right_armor,ra_x,ra_y,back,b_x,b_y
4variationblur800.png,1,-0.049479167,0.180092593,1,0.021614583,0.196759259,1,-0.039583333,0.218981481,1,-0.121354167,0.188888889,0,0,0,0,0,0,0,0,0,0,0,0
,,,,,,,,,,,,,,,,,,,,,,,,
4variationblur801.png,1,-0.049479167,0.178703704,1,0.0171875,0.199074074,1,-0.041145833,0.222222222,1,-0.123177083,0.187037037,0,0,0,0,0,0,0,0,0,0,0,0
,,,,,,,,,,,,,,,,,,,,,,,,
4variationblur802.png,1,-0.048697917,0.177314815,1,0.011979167,0.197685185,0,0,0,1,-0.125,0.185185185,0,0,0,0,0,0,0,0,0,0,0,0
,,,,,,,,,,,,,,,,,,,,,,,,
4variationblur803.png,1,-0.04765625,0.176388889,1,0.006510417,0.198611111,0,0,0,1,-0.126302083,0.183796296,0,0,0,0,0,0,0,0,0,0,0,0
,,,,,,,,,,,,,,,,,,,,,,,,
4variationblur804.png,1,-0.046354167,0.174537037,1,0.0015625,0.199074074,0,0,0,1,-0.1265625,0.181481481,0,0,0,0,0,0,0,0,0,0,0,0
,,,,,,,,,,,,,,,,,,,,,,,,
4variationblur805.png,1,-0.044010417,0.174074074,1,-0.00390625,0.198611111,0,0,0,1,-0.126822917,0.17962963,0,0,0,0,0,0,0,0,0,0,0,0
,,,,,,,,,,,,,,,,,,,,,,,,
4variationblur806.png,1,-0.041927083,0.173148148,0,0,0,0,0,0,1,-0.126041667,0.177777778,0,0,0,0,0,0,0,0,0,0,0,0
,,,,,,,,,,,,,,,,,,,,,,,,
4variationblur807.png,1,-0.0390625,0.172222222,0,0,0,1,-0.0609375,0.212962963,1,-0.125,0.176851852,0,0,0,0,0,0,0,0,0,0,0,0
,,,,,,,,,,,,,,,,,,,,,,,,
4variationblur808.png,0,0,0,0,0,0,1,-0.06328125,0.212962963,1,-0.123177083,0.174537037,0,0,0,0,0,0,0,0,0,0,0,0
,,,,,,,,,,,,,,,,,,,,,,,,
4variationblur809.png,0,0,0,0,0,0,1,-0.065104167,0.214351852,1,-0.120572917,0.173611111,0,0,0,0,0,0,0,0,0,0,0,0
,,,,,,,,,,,,,,,,,,,,,,,,
4variationblur810.png,0,0,0,0,0,0,0,0,0,1,-0.117708333,0.171759259,0,0,0,0,0,0,0,0,0,0,0,0
,,,,,,,,,,,,,,,,,,,,,,,,
4variationblur811.png,0,0,0,0,0,0,0,0,0,1,-0.114322917,0.169907407,0,0,0,0,0,0,0,0,0,0,0,0
,,,,,,,,,,,,,,,,,,,,,,,,
4variationblur812.png,0,0,0,0,0,0,0,0,0,1,-0.109895833,0.167592593,0,0,0,0,0,0,0,0,0,0,0,0
,,,,,,,,,,,,,,,,,,,,,,,,
4variationblur813.png,0,0,0,0,0,0,0,0,0,1,-0.10546875,0.166203704,0,0,0,0,0,0,0,0,0,0,0,0
,,,,,,,,,,,,,,,,,,,,,,,,
4variationblur814.png,0,0,0,0,0,0,0,0,0,1,-0.100260417,0.163888889,0,0,0,0,0,0,0,0,0,0,0,0
,,,,,,,,,,,,,,,,,,,,,,,,
4variationblur815.png,0,0,0,0,0,0,0,0,0,1,-0.094270833,0.1625,0,0,0,0,0,0,0,0,0,0,0,0
,,,,,,,,,,,,,,,,,,,,,,,,
4variationblur816.png,0,0,0,0,0,0,0,0,0,1,-0.087760417,0.160648148,0,0,0,0,0,0,0,0,0,0,0,0
,,,,,,,,,,,,,,,,,,,,,,,,
4variationblur817.png,0,0,0,0,0,0,0,0,0,1,-0.080989583,0.159259259,1,-0.178385417,0.149537037,0,0,0,0,0,0,0,0,0
,,,,,,,,,,,,,,,,,,,,,,,,
4variationblur818.png,0,0,0,0,0,0,0,0,0,1,-0.073697917,0.15787037,1,-0.169791667,0.147222222,0,0,0,0,0,0,0,0,0
,,,,,,,,,,,,,,,,,,,,,,,,
4variationblur819.png,0,0,0,0,0,0,0,0,0,1,-0.065625,0.156481481,1,-0.16171875,0.14537037,1,-0.229947917,0.175462963,0,0,0,0,0,0
,,,,,,,,,,,,,,,,,,,,,,,,
4variationblur820.png,0,0,0,0,0,0,0,0,0,1,-0.057552083,0.155092593,1,-0.151041667,0.143518519,1,-0.233072917,0.173611111,0,0,0,0,0,0
,,,,,,,,,,,,,,,,,,,,,,,,
4variationblur821.png,0,0,0,0,0,0,0,0,0,1,-0.048958333,0.153240741,1,-0.140625,0.142592593,1,-0.234635417,0.172222222,1,-0.154427083,0.194907407,0,0,0
,,,,,,,,,,,,,,,,,,,,,,,,
4variationblur822.png,0,0,0,0,0,0,0,0,0,1,-0.039322917,0.152314815,1,-0.12734375,0.139814815,1,-0.235416667,0.169444444,1,-0.148958333,0.191666667,0,0,0
,,,,,,,,,,,,,,,,,,,,,,,,
4variationblur823.png,0,0,0,0,0,0,0,0,0,1,-0.029947917,0.150925926,1,-0.113020833,0.135185185,1,-0.234895833,0.166203704,1,-0.144010417,0.188888889,0,0,0
,,,,,,,,,,,,,,,,,,,,,,,,
4variationblur824.png,0,0,0,0,0,0,0,0,0,1,-0.0203125,0.15,1,-0.096875,0.131481481,1,-0.23359375,0.1625,1,-0.138020833,0.186574074,0,0,0
,,,,,,,,,,,,,,,,,,,,,,,,
4variationblur825.png,0,0,0,0,0,0,0,0,0,1,-0.010416667,0.149537037,1,-0.08515625,0.128703704,1,-0.230729167,0.158796296,1,-0.131510417,0.184259259,0,0,0
,,,,,,,,,,,,,,,,,,,,,,,,
4variationblur826.png,0,0,0,0,0,0,0,0,0,1,-0.000260417,0.148611111,1,-0.066927083,0.126851852,1,-0.226302083,0.153703704,1,-0.123697917,0.182407407,0,0,0
,,,,,,,,,,,,,,,,,,,,,,,,
4variationblur827.png,0,0,0,0,0,0,0,0,0,1,0.009375,0.147685185,1,-0.051041667,0.125925926,1,-0.221614583,0.149074074,1,-0.115364583,0.180555556,0,0,0
,,,,,,,,,,,,,,,,,,,,,,,,
4variationblur828.png,0,0,0,0,0,0,0,0,0,1,0.01953125,0.147222222,1,-0.034635417,0.125462963,1,-0.215625,0.144444444,1,-0.106770833,0.179166667,0,0,0
,,,,,,,,,,,,,,,,,,,,,,,,
4variationblur829.png,0,0,0,0,0,0,0,0,0,1,0.028385417,0.145833333,1,-0.019270833,0.126388889,1,-0.208333333,0.141666667,1,-0.097395833,0.177777778,0,0,0
,,,,,,,,,,,,,,,,,,,,,,,,
4variationblur830.png,0,0,0,0,0,0,0,0,0,0,0,0,1,-0.002083333,0.125925926,1,-0.20078125,0.1375,1,-0.08828125,0.175925926,0,0,0
,,,,,,,,,,,,,,,,,,,,,,,,
4variationblur831.png,0,0,0,0,0,0,0,0,0,0,0,0,1,0.011979167,0.126388889,1,-0.193489583,0.134259259,1,-0.079947917,0.175,0,0,0
,,,,,,,,,,,,,,,,,,,,,,,,
4variationblur832.png,0,0,0,0,0,0,0,0,0,0,0,0,1,0.024739583,0.125925926,1,-0.185416667,0.131481481,1,-0.07265625,0.174074074,0,0,0
,,,,,,,,,,,,,,,,,,,,,,,,
4variationblur833.png,0,0,0,0,0,0,0,0,0,0,0,0,1,0.035677083,0.125925926,1,-0.178385417,0.128240741,1,-0.065885417,0.172685185,0,0,0
,,,,,,,,,,,,,,,,,,,,,,,,
4variationblur834.png,0,0,0,0,0,0,0,0,0,0,0,0,1,0.045833333,0.125462963,1,-0.17109375,0.125,1,-0.059895833,0.171759259,0,0,0
,,,,,,,,,,,,,,,,,,,,,,,,
4variationblur835.png,0,0,0,0,0,0,0,0,0,0,0,0,1,0.053385417,0.124537037,1,-0.165104167,0.123148148,1,-0.05546875,0.17037037,0,0,0
,,,,,,,,,,,,,,,,,,,,,,,,
4variationblur836.png,0,0,0,0,0,0,0,0,0,0,0,0,1,0.059375,0.124074074,1,-0.16015625,0.122685185,1,-0.051822917,0.17037037,0,0,0
,,,,,,,,,,,,,,,,,,,,,,,,
4variationblur837.png,0,0,0,0,0,0,0,0,0,0,0,0,1,0.063802083,0.123611111,1,-0.156510417,0.121759259,1,-0.04921875,0.17037037,0,0,0
,,,,,,,,,,,,,,,,,,,,,,,,
4variationblur838.png,0,0,0,0,0,0,0,0,0,0,0,0,1,0.068229167,0.123611111,1,-0.1546875,0.118981481,1,-0.04765625,0.169907407,0,0,0
,,,,,,,,,,,,,,,,,,,,,,,,
4variationblur839.png,0,0,0,0,0,0,0,0,0,0,0,0,1,0.070572917,0.122685185,1,-0.154166667,0.116203704,1,-0.04765625,0.168518519,0,0,0
,,,,,,,,,,,,,,,,,,,,,,,,
4variationblur840.png,0,0,0,0,0,0,0,0,0,0,0,0,1,0.070572917,0.122685185,1,-0.154947917,0.113888889,1,-0.048958333,0.168518519,0,0,0
,,,,,,,,,,,,,,,,,,,,,,,,
4variationblur841.png,0,0,0,0,0,0,0,0,0,0,0,0,1,0.069270833,0.122222222,1,-0.15703125,0.111111111,1,-0.051041667,0.16712963,0,0,0
,,,,,,,,,,,,,,,,,,,,,,,,
4variationblur842.png,0,0,0,0,0,0,0,0,0,0,0,0,1,0.066927083,0.123148148,1,-0.160416667,0.109259259,1,-0.054427083,0.166666667,0,0,0
,,,,,,,,,,,,,,,,,,,,,,,,
4variationblur843.png,0,0,0,0,0,0,0,0,0,0,0,0,1,0.063020833,0.123611111,1,-0.165625,0.109259259,1,-0.059114583,0.165740741,0,0,0
,,,,,,,,,,,,,,,,,,,,,,,,
4variationblur844.png,0,0,0,0,0,0,0,0,0,0,0,0,1,0.057291667,0.122685185,1,-0.172395833,0.109259259,1,-0.06484375,0.165277778,0,0,0
,,,,,,,,,,,,,,,,,,,,,,,,
4variationblur845.png,0,0,0,0,0,0,0,0,0,0,0,0,1,0.049479167,0.121759259,1,-0.18203125,0.110185185,1,-0.071875,0.164351852,0,0,0
,,,,,,,,,,,,,,,,,,,,,,,,
4variationblur846.png,0,0,0,0,0,0,0,0,0,0,0,0,1,0.040625,0.120833333,1,-0.192708333,0.110648148,1,-0.080208333,0.163888889,0,0,0
,,,,,,,,,,,,,,,,,,,,,,,,
4variationblur847.png,0,0,0,0,0,0,0,0,0,0,0,0,1,0.03046875,0.119444444,1,-0.205208333,0.110648148,1,-0.089322917,0.163425926,0,0,0
,,,,,,,,,,,,,,,,,,,,,,,,
4variationblur848.png,0,0,0,0,0,0,0,0,0,0,0,0,1,0.01953125,0.117592593,1,-0.219010417,0.110185185,1,-0.099479167,0.162962963,0,0,0
,,,,,,,,,,,,,,,,,,,,,,,,
4variationblur849.png,0,0,0,0,0,0,0,0,0,0,0,0,1,0.006510417,0.114351852,1,-0.23359375,0.110185185,1,-0.110677083,0.162962963,0,0,0
,,,,,,,,,,,,,,,,,,,,,,,,
4variationblur850.png,0,0,0,0,0,0,0,0,0,0,0,0,1,-0.00703125,0.111574074,1,-0.2484375,0.109259259,1,-0.122395833,0.1625,0,0,0
,,,,,,,,,,,,,,,,,,,,,,,,
4variationblur851.png,0,0,0,0,0,0,0,0,0,0,0,0,1,-0.021354167,0.109259259,1,-0.261979167,0.110185185,1,-0.135416667,0.162962963,0,0,0
,,,,,,,,,,,,,,,,,,,,,,,,
4variationblur852.png,0,0,0,0,0,0,0,0,0,0,0,0,1,-0.037760417,0.10787037,1,-0.276302083,0.111111111,1,-0.148177083,0.162962963,0,0,0
,,,,,,,,,,,,,,,,,,,,,,,,
4variationblur853.png,0,0,0,0,0,0,0,0,0,0,0,0,1,-0.053125,0.105092593,1,-0.290625,0.113888889,1,-0.161458333,0.1625,0,0,0
,,,,,,,,,,,,,,,,,,,,,,,,
4variationblur854.png,0,0,0,0,0,0,0,0,0,0,0,0,1,-0.071354167,0.105092593,1,-0.305729167,0.11712963,1,-0.175520833,0.1625,0,0,0
,,,,,,,,,,,,,,,,,,,,,,,,
4variationblur855.png,0,0,0,0,0,0,0,0,0,0,0,0,1,-0.087760417,0.105555556,1,-0.320572917,0.118981481,1,-0.189322917,0.163425926,0,0,0
,,,,,,,,,,,,,,,,,,,,,,,,
4variationblur856.png,0,0,0,0,0,0,0,0,0,1,-0.060416667,0.131944444,1,-0.108854167,0.106944444,1,-0.3359375,0.121759259,1,-0.203385417,0.163425926,0,0,0
,,,,,,,,,,,,,,,,,,,,,,,,
4variationblur857.png,0,0,0,0,0,0,0,0,0,1,-0.0734375,0.130555556,1,-0.127083333,0.106481481,1,-0.34921875,0.123148148,1,-0.217447917,0.164814815,0,0,0
,,,,,,,,,,,,,,,,,,,,,,,,
4variationblur858.png,0,0,0,0,0,0,0,0,0,1,-0.085677083,0.130555556,1,-0.14921875,0.107407407,1,-0.3609375,0.125,1,-0.23125,0.165740741,0,0,0
,,,,,,,,,,,,,,,,,,,,,,,,
4variationblur859.png,0,0,0,0,0,0,0,0,0,1,-0.098697917,0.131481481,1,-0.17109375,0.107407407,1,-0.371614583,0.126388889,1,-0.244791667,0.166203704,0,0,0
,,,,,,,,,,,,,,,,,,,,,,,,
4variationblur860.png,0,0,0,0,0,0,0,0,0,1,-0.112760417,0.132407407,1,-0.19296875,0.10787037,1,-0.381510417,0.12962963,1,-0.25859375,0.168055556,0,0,0
,,,,,,,,,,,,,,,,,,,,,,,,
4variationblur861.png,0,0,0,0,0,0,0,0,0,1,-0.127083333,0.132407407,1,-0.215364583,0.106018519,1,-0.390885417,0.13287037,1,-0.271354167,0.168981481,0,0,0
,,,,,,,,,,,,,,,,,,,,,,,,
4variationblur862.png,0,0,0,0,0,0,0,0,0,1,-0.141145833,0.132407407,1,-0.23671875,0.106481481,1,-0.3984375,0.136574074,1,-0.283333333,0.17037037,0,0,0
,,,,,,,,,,,,,,,,,,,,,,,,
4variationblur863.png,0,0,0,0,0,0,0,0,0,1,-0.154947917,0.131944444,1,-0.257552083,0.107407407,1,-0.4046875,0.139814815,1,-0.29453125,0.171759259,0,0,0
,,,,,,,,,,,,,,,,,,,,,,,,
4variationblur864.png,0,0,0,0,0,0,0,0,0,1,-0.167708333,0.131944444,1,-0.275,0.107407407,1,-0.410677083,0.14212963,1,-0.303645833,0.173148148,0,0,0
,,,,,,,,,,,,,,,,,,,,,,,,
4variationblur865.png,0,0,0,0,0,0,0,0,0,1,-0.179947917,0.131944444,1,-0.290885417,0.10787037,1,-0.416145833,0.146759259,1,-0.312760417,0.174074074,0,0,0
,,,,,,,,,,,,,,,,,,,,,,,,
4variationblur866.png,0,0,0,0,0,0,0,0,0,1,-0.190885417,0.131944444,1,-0.305729167,0.108796296,1,-0.420572917,0.148611111,1,-0.322135417,0.178703704,0,0,0
,,,,,,,,,,,,,,,,,,,,,,,,
4variationblur867.png,0,0,0,0,0,0,0,0,0,1,-0.201041667,0.131944444,1,-0.318229167,0.109259259,1,-0.42421875,0.149537037,0,0,0,0,0,0
,,,,,,,,,,,,,,,,,,,,,,,,
4variationblur868.png,0,0,0,0,0,0,0,0,0,1,-0.20859375,0.130555556,1,-0.327604167,0.10787037,1,-0.42734375,0.149537037,0,0,0,0,0,0
,,,,,,,,,,,,,,,,,,,,,,,,
4variationblur869.png,0,0,0,0,0,0,0,0,0,1,-0.214322917,0.131944444,1,-0.334635417,0.110185185,1,-0.429947917,0.150925926,0,0,0,0,0,0
,,,,,,,,,,,,,,,,,,,,,,,,
4variationblur870.png,0,0,0,0,0,0,0,0,0,1,-0.21875,0.131018519,1,-0.33984375,0.110185185,1,-0.431770833,0.151388889,0,0,0,0,0,0
,,,,,,,,,,,,,,,,,,,,,,,,
4variationblur871.png,0,0,0,0,0,0,0,0,0,1,-0.22265625,0.131944444,1,-0.344010417,0.110185185,1,-0.43359375,0.152314815,0,0,0,0,0,0
,,,,,,,,,,,,,,,,,,,,,,,,
4variationblur872.png,0,0,0,0,0,0,0,0,0,1,-0.225520833,0.131944444,1,-0.347135417,0.110185185,1,-0.435416667,0.152777778,0,0,0,0,0,0
,,,,,,,,,,,,,,,,,,,,,,,,
4variationblur873.png,0,0,0,0,0,0,0,0,0,1,-0.227083333,0.131018519,1,-0.348697917,0.109259259,1,-0.43671875,0.152314815,0,0,0,0,0,0
,,,,,,,,,,,,,,,,,,,,,,,,
4variationblur874.png,0,0,0,0,0,0,0,0,0,1,-0.228645833,0.131944444,1,-0.350260417,0.110185185,1,-0.437239583,0.152314815,0,0,0,0,0,0
,,,,,,,,,,,,,,,,,,,,,,,,
4variationblur875.png,0,0,0,0,0,0,0,0,0,1,-0.23046875,0.131944444,1,-0.352864583,0.111111111,1,-0.438020833,0.153703704,0,0,0,0,0,0
,,,,,,,,,,,,,,,,,,,,,,,,
4variationblur876.png,0,0,0,0,0,0,0,0,0,1,-0.233333333,0.13287037,1,-0.356770833,0.111574074,1,-0.436979167,0.155092593,0,0,0,0,0,0
,,,,,,,,,,,,,,,,,,,,,,,,
4variationblur877.png,0,0,0,0,0,0,0,0,0,1,-0.23671875,0.13287037,1,-0.362239583,0.112037037,1,-0.4359375,0.15787037,0,0,0,0,0,0
,,,,,,,,,,,,,,,,,,,,,,,,
4variationblur878.png,0,0,0,0,0,0,0,0,0,1,-0.241927083,0.131944444,1,-0.369010417,0.110648148,0,0,0,0,0,0,0,0,0
,,,,,,,,,,,,,,,,,,,,,,,,
4variationblur879.png,0,0,0,0,0,0,0,0,0,1,-0.241927083,0.131944444,1,-0.376302083,0.111574074,0,0,0,0,0,0,0,0,0
,,,,,,,,,,,,,,,,,,,,,,,,
4variationblur880.png,0,0,0,0,0,0,0,0,0,1,-0.25546875,0.131018519,1,-0.385416667,0.118981481,0,0,0,1,-0.354166667,0.181481481,0,0,0
,,,,,,,,,,,,,,,,,,,,,,,,
4variationblur881.png,0,0,0,0,0,0,0,0,0,1,-0.2640625,0.131018519,0,0,0,0,0,0,0,0,0,0,0,0
,,,,,,,,,,,,,,,,,,,,,,,,
4variationblur882.png,0,0,0,0,0,0,0,0,0,1,-0.2734375,0.130092593,0,0,0,0,0,0,0,0,0,0,0,0
,,,,,,,,,,,,,,,,,,,,,,,,
4variationblur883.png,0,0,0,0,0,0,0,0,0,1,-0.283854167,0.130092593,0,0,0,0,0,0,0,0,0,0,0,0
,,,,,,,,,,,,,,,,,,,,,,,,
4variationblur884.png,0,0,0,0,0,0,0,0,0,1,-0.294270833,0.12962963,0,0,0,0,0,0,0,0,0,0,0,0
,,,,,,,,,,,,,,,,,,,,,,,,
4variationblur885.png,0,0,0,0,0,0,1,-0.231770833,0.193981481,1,-0.305208333,0.129166667,0,0,0,0,0,0,0,0,0,0,0,0
,,,,,,,,,,,,,,,,,,,,,,,,
4variationblur886.png,0,0,0,0,0,0,1,-0.231770833,0.192592593,1,-0.316666667,0.129166667,0,0,0,0,0,0,0,0,0,0,0,0
,,,,,,,,,,,,,,,,,,,,,,,,
4variationblur887.png,1,-0.204947917,0.135648148,0,0,0,1,-0.2328125,0.193055556,1,-0.327864583,0.12962963,0,0,0,0,0,0,0,0,0,0,0,0
,,,,,,,,,,,,,,,,,,,,,,,,
4variationblur888.png,1,-0.215364583,0.130555556,1,-0.161197917,0.179166667,0,0,0,1,-0.33828125,0.130092593,0,0,0,0,0,0,0,0,0,0,0,0
,,,,,,,,,,,,,,,,,,,,,,,,
4variationblur889.png,1,-0.228385417,0.127777778,1,-0.155729167,0.176388889,0,0,0,1,-0.3484375,0.131018519,0,0,0,0,0,0,0,0,0,0,0,0
,,,,,,,,,,,,,,,,,,,,,,,,
4variationblur890.png,1,-0.240104167,0.126851852,1,-0.150260417,0.175462963,0,0,0,1,-0.357291667,0.131481481,0,0,0,0,0,0,0,0,0,0,0,0
,,,,,,,,,,,,,,,,,,,,,,,,
4variationblur891.png,1,-0.251041667,0.125925926,1,-0.14765625,0.173611111,1,-0.238541667,0.193981481,1,-0.364583333,0.132407407,0,0,0,0,0,0,0,0,0,0,0,0
,,,,,,,,,,,,,,,,,,,,,,,,
4variationblur892.png,1,-0.259635417,0.124537037,1,-0.146354167,0.17037037,1,-0.240885417,0.190277778,1,-0.370572917,0.132407407,0,0,0,0,0,0,0,0,0,0,0,0
,,,,,,,,,,,,,,,,,,,,,,,,
4variationblur893.png,1,-0.267447917,0.122685185,1,-0.145572917,0.17037037,1,-0.242708333,0.191203704,1,-0.375260417,0.133333333,0,0,0,0,0,0,0,0,0,0,0,0
,,,,,,,,,,,,,,,,,,,,,,,,
4variationblur894.png,1,-0.27421875,0.121296296,1,-0.144791667,0.168981481,1,-0.245052083,0.190740741,1,-0.380208333,0.13287037,0,0,0,0,0,0,0,0,0,0,0,0
,,,,,,,,,,,,,,,,,,,,,,,,
4variationblur895.png,1,-0.28125,0.118981481,1,-0.145833333,0.168518519,1,-0.247916667,0.190277778,1,-0.385416667,0.133333333,0,0,0,0,0,0,0,0,0,0,0,0
,,,,,,,,,,,,,,,,,,,,,,,,
4variationblur896.png,1,-0.28828125,0.117592593,1,-0.280989583,0.3125,1,-0.251302083,0.189814815,1,-0.390885417,0.132407407,0,0,0,0,0,0,0,0,0,0,0,0
,,,,,,,,,,,,,,,,,,,,,,,,
4variationblur897.png,1,-0.295052083,0.116666667,1,-0.28515625,0.312962963,1,-0.254947917,0.188888889,1,-0.396875,0.132407407,0,0,0,0,0,0,0,0,0,0,0,0
,,,,,,,,,,,,,,,,,,,,,,,,
4variationblur898.png,1,-0.303385417,0.115277778,1,-0.28984375,0.313425926,1,-0.259375,0.188888889,1,-0.403385417,0.131944444,0,0,0,0,0,0,0,0,0,0,0,0
,,,,,,,,,,,,,,,,,,,,,,,,
4variationblur899.png,1,-0.31171875,0.115277778,1,-0.294270833,0.313425926,1,-0.265364583,0.187962963,1,-0.411197917,0.130555556,0,0,0,0,0,0,0,0,0,0,0,0
,left_front_wheel,lfw_x,lfw_y,left_back_wheel,lbw_x,lbw_y,left_armor,la_x,la_y,front,f_x,f_y,right_front_wheel,rfw_x,rfw_y,right_back_wheel,rbw_x,rbw_y,right_armor,ra_x,ra_y,back,b_x,b_y
4variationblur900.png,1,-0.321614583,0.114351852,1,-0.15859375,0.163888889,1,-0.271354167,0.187037037,1,-0.420052083,0.130092593,0,0,0,0,0,0,0,0,0,0,0,0
,,,,,,,,,,,,,,,,,,,,,,,,
4variationblur901.png,1,-0.331770833,0.112962963,1,-0.16328125,0.162037037,1,-0.278125,0.185648148,1,-0.429427083,0.128240741,0,0,0,0,0,0,0,0,0,0,0,0
,,,,,,,,,,,,,,,,,,,,,,,,
4variationblur902.png,1,-0.343229167,0.110648148,1,-0.16875,0.160185185,1,-0.286197917,0.183796296,1,-0.439583333,0.125925926,0,0,0,0,0,0,0,0,0,0,0,0
,,,,,,,,,,,,,,,,,,,,,,,,
4variationblur903.png,1,-0.355989583,0.108796296,1,-0.17578125,0.158333333,1,-0.29453125,0.182407407,1,-0.451041667,0.125,0,0,0,0,0,0,0,0,0,0,0,0
,,,,,,,,,,,,,,,,,,,,,,,,
4variationblur904.png,1,-0.368489583,0.105092593,1,-0.18203125,0.156018519,1,-0.30390625,0.17962963,1,-0.4625,0.122222222,0,0,0,0,0,0,0,0,0,0,0,0
,,,,,,,,,,,,,,,,,,,,,,,,
4variationblur905.png,1,-0.383333333,0.100462963,1,-0.18984375,0.154166667,1,-0.313802083,0.177777778,1,-0.475520833,0.118518519,0,0,0,0,0,0,0,0,0,0,0,0
,,,,,,,,,,,,,,,,,,,,,,,,
4variationblur906.png,1,-0.396875,0.09537037,1,-0.1984375,0.151388889,1,-0.325,0.175462963,1,-0.490625,0.115740741,0,0,0,0,0,0,0,0,0,0,0,0
,,,,,,,,,,,,,,,,,,,,,,,,
4variationblur907.png,1,-0.411979167,0.089814815,1,-0.208072917,0.148611111,1,-0.336458333,0.172685185,1,-0.424739583,0.082407407,0,0,0,0,0,0,0,0,0,0,0,0
,,,,,,,left_armor,,,,,,,,,,,,,,,,,
4variationblur908.png,1,-0.428385417,0.083796296,1,-0.218229167,0.145833333,1,-0.349479167,0.169444444,0,0,0,0,0,0,0,0,0,0,0,0,0,0,0
,,,,,,,,,,,,,,,,,,,,,,,,
4variationblur909.png,1,-0.44453125,0.077777778,1,-0.228645833,0.143055556,1,-0.36328125,0.16712963,0,0,0,0,0,0,0,0,0,0,0,0,0,0,0
,,,,,,,,,,,,,,,,,,,,,,,,
4variationblur910.png,1,-0.460677083,0.070833333,1,-0.240625,0.140277778,1,-0.376822917,0.162962963,0,0,0,0,0,0,0,0,0,0,0,0,0,0,0
,,,,,,,,,,,,,,,,,,,,,,,,
4variationblur911.png,1,-0.477604167,0.064814815,1,-0.251822917,0.1375,1,-0.39140625,0.159722222,0,0,0,0,0,0,0,0,0,0,0,0,0,0,0
,,,,,,,,,,,,,,,,,,,,,,,,
4variationblur912.png,1,-0.489583333,0.059722222,1,-0.263802083,0.135185185,1,-0.405729167,0.156481481,0,0,0,0,0,0,0,0,0,0,0,0,0,0,0
,,,,,,,,,,,,,,,,,,,,,,,,
4variationblur913.png,1,-0.49765625,0.057407407,1,-0.275,0.13287037,1,-0.41953125,0.153703704,0,0,0,0,0,0,0,0,0,0,0,0,0,0,0
,,,,,,,,,,,,,,,,,,,,,,,,
4variationblur914.png,0,0,0,1,-0.286458333,0.129166667,1,-0.432291667,0.149537037,0,0,0,0,0,0,0,0,0,0,0,0,0,0,0
,,,,,,,,,,,,,,,,,,,,,,,,
4variationblur915.png,0,0,0,1,-0.296614583,0.126851852,1,-0.445052083,0.146296296,0,0,0,0,0,0,0,0,0,0,0,0,0,0,0
,,,,,,,,,,,,,,,,,,,,,,,,
4variationblur916.png,0,0,0,1,-0.305989583,0.124537037,1,-0.456510417,0.143055556,0,0,0,0,0,0,0,0,0,0,0,0,0,0,0
,,,,,,,,,,,,,,,,,,,,,,,,
4variationblur917.png,0,0,0,1,-0.31484375,0.122222222,1,-0.467447917,0.139814815,0,0,0,0,0,0,0,0,0,0,0,0,0,0,0
,,,,,,,,,,,,,,,,,,,,,,,,
4variationblur918.png,0,0,0,1,-0.323697917,0.119907407,1,-0.477604167,0.1375,0,0,0,0,0,0,0,0,0,0,0,0,0,0,0
,,,,,,,,,,,,,,,,,,,,,,,,
4variationblur919.png,0,0,0,1,-0.328385417,0.121759259,1,-0.4828125,0.137037037,0,0,0,0,0,0,0,0,0,0,0,0,0,0,0
,,,,,,,,,,,,,,,,,,,,,,,,
4variationblur920.png,0,0,0,1,-0.328385417,0.125462963,1,-0.482552083,0.138425926,0,0,0,0,0,0,0,0,0,0,0,0,0,0,0
,,,,,,,,,,,,,,,,,,,,,,,,
4variationblur921.png,0,0,0,1,-0.328125,0.124537037,1,-0.480729167,0.137037037,0,0,0,0,0,0,0,0,0,0,0,0,0,0,0
,,,,,,,,,,,,,,,,,,,,,,,,
4variationblur922.png,0,0,0,1,-0.328385417,0.120833333,1,-0.47890625,0.132407407,0,0,0,0,0,0,0,0,0,0,0,0,0,0,0
,,,,,,,,,,,,,,,,,,,,,,,,
4variationblur923.png,0,0,0,1,-0.328385417,0.119444444,1,-0.476041667,0.130555556,0,0,0,0,0,0,0,0,0,0,0,0,0,0,0
,,,,,,,,,,,,,,,,,,,,,,,,
4variationblur924.png,0,0,0,1,-0.328645833,0.121759259,1,-0.472395833,0.131944444,0,0,0,0,0,0,0,0,0,0,0,0,0,0,0
,,,,,,,,,,,,,,,,,,,,,,,,
4variationblur925.png,0,0,0,1,-0.330208333,0.125,1,-0.469270833,0.13287037,0,0,0,0,0,0,0,0,0,0,0,0,0,0,0
,,,,,,,,,,,,,,,,,,,,,,,,
4variationblur926.png,1,-0.491927083,0.028240741,1,-0.33203125,0.125925926,1,-0.465885417,0.13287037,0,0,0,0,0,0,0,0,0,0,0,0,0,0,0
,,,,,,,,,,,,,,,,,,,,,,,,
4variationblur927.png,1,-0.4796875,0.030555556,1,-0.334375,0.128240741,1,-0.462760417,0.133796296,0,0,0,0,0,0,0,0,0,0,0,0,0,0,0
,,,,,,,,,,,,,,,,,,,,,,,,
4variationblur928.png,1,-0.463802083,0.032407407,1,-0.337760417,0.129166667,1,-0.459895833,0.137962963,0,0,0,0,0,0,0,0,0,0,0,0,0,0,0
,,,,,,,,,,,,,,,,,,,,,,,,
4variationblur929.png,1,-0.450260417,0.034722222,1,-0.341927083,0.130555556,1,-0.457552083,0.143055556,0,0,0,0,0,0,0,0,0,0,0,0,0,0,0
,,,,,,,,,,,,,,,,,,,,,,,,
4variationblur930.png,1,-0.438802083,0.037037037,1,-0.345052083,0.13287037,1,-0.45546875,0.14537037,0,0,0,0,0,0,0,0,0,0,0,0,0,0,0
,,,,,,,,,,,,,,,,,,,,,,,,
4variationblur931.png,1,-0.43203125,0.038888889,1,-0.346614583,0.135185185,1,-0.45390625,0.146296296,0,0,0,0,0,0,0,0,0,0,0,0,0,0,0
,,,,,,,,,,,,,,,,,,,,,,,,
4variationblur932.png,1,-0.428385417,0.039351852,1,-0.34765625,0.134722222,1,-0.452864583,0.146296296,0,0,0,0,0,0,0,0,0,0,0,0,0,0,0
,,,,,,,,,,,,,,,,,,,,,,,,
4variationblur933.png,1,-0.426822917,0.040740741,1,-0.347135417,0.135648148,1,-0.45234375,0.147222222,0,0,0,0,0,0,0,0,0,0,0,0,0,0,0
,,,,,,,,,,,,,,,,,,,,,,,,
4variationblur934.png,1,-0.425520833,0.041203704,1,-0.345833333,0.136111111,1,-0.451041667,0.147222222,0,0,0,0,0,0,0,0,0,0,0,0,0,0,0
,,,,,,,,,,,,,,,,,,,,,,,,
4variationblur935.png,1,-0.425520833,0.040740741,1,-0.344270833,0.136111111,1,-0.450260417,0.146296296,0,0,0,0,0,0,0,0,0,0,0,0,0,0,0
,,,,,,,,,,,,,,,,,,,,,,,,
4variationblur936.png,1,-0.425,0.040740741,1,-0.342708333,0.135648148,1,-0.448958333,0.145833333,0,0,0,0,0,0,0,0,0,0,0,0,0,0,0
,,,,,,,,,,,,,,,,,,,,,,,,
4variationblur937.png,1,-0.424479167,0.041203704,1,-0.341145833,0.136111111,1,-0.44765625,0.146296296,0,0,0,0,0,0,0,0,0,0,0,0,0,0,0
,,,,,,,,,,,,,,,,,,,,,,,,
4variationblur938.png,1,-0.4234375,0.042592593,1,-0.339583333,0.137037037,1,-0.445833333,0.147685185,0,0,0,0,0,0,0,0,0,0,0,0,0,0,0
,,,,,,,,,,,,,,,,,,,,,,,,
4variationblur939.png,1,-0.421875,0.042592593,1,-0.338020833,0.137037037,1,-0.444270833,0.148611111,0,0,0,0,0,0,0,0,0,0,0,0,0,0,0
,,,,,,,,,,,,,,,,,,,,,,,,
4variationblur940.png,1,-0.420833333,0.043055556,1,-0.33671875,0.137962963,1,-0.442708333,0.15,0,0,0,0,0,0,0,0,0,0,0,0,0,0,0
,,,,,,,,,,,,,,,,,,,,,,,,
4variationblur941.png,1,-0.41953125,0.043518519,1,-0.335416667,0.138425926,1,-0.441927083,0.150925926,0,0,0,0,0,0,0,0,0,0,0,0,0,0,0
,,,,,,,,,,,,,,,,,,,,,,,,
4variationblur942.png,1,-0.418229167,0.044444444,1,-0.334375,0.139351852,1,-0.440885417,0.150925926,0,0,0,0,0,0,0,0,0,0,0,0,0,0,0
,,,,,,,,,,,,,,,,,,,,,,,,
4variationblur943.png,1,-0.416666667,0.04537037,1,-0.333333333,0.139814815,1,-0.439322917,0.151851852,0,0,0,0,0,0,0,0,0,0,0,0,0,0,0
,,,,,,,,,,,,,,,,,,,,,,,,
4variationblur944.png,1,-0.415625,0.045833333,1,-0.332291667,0.140740741,1,-0.43828125,0.152314815,0,0,0,0,0,0,0,0,0,0,0,0,0,0,0
,,,,,,,,,,,,,,,,,,,,,,,,
4variationblur945.png,1,-0.4140625,0.046296296,1,-0.330989583,0.140740741,1,-0.43671875,0.152314815,0,0,0,0,0,0,0,0,0,0,0,0,0,0,0
,,,,,,,,,,,,,,,,,,,,,,,,
4variationblur946.png,1,-0.4125,0.047222222,1,-0.329947917,0.141666667,1,-0.435416667,0.151851852,0,0,0,0,0,0,0,0,0,0,0,0,0,0,0
,,,,,,,,,,,,,,,,,,,,,,,,
4variationblur947.png,1,-0.411458333,0.047222222,1,-0.32890625,0.141666667,1,-0.434114583,0.152314815,0,0,0,0,0,0,0,0,0,0,0,0,0,0,0
,,,,,,,,,,,,,,,,,,,,,,,,
4variationblur948.png,1,-0.410416667,0.048148148,1,-0.327864583,0.142592593,1,-0.433072917,0.152777778,0,0,0,0,0,0,0,0,0,0,0,0,0,0,0
,,,,,,,,,,,,,,,,,,,,,,,,
4variationblur949.png,1,-0.409375,0.048611111,1,-0.326822917,0.142592593,1,-0.43203125,0.153703704,0,0,0,0,0,0,0,0,0,0,0,0,0,0,0
,,,,,,,,,,,,,,,,,,,,,,,,
4variationblur950.png,1,-0.408333333,0.049074074,1,-0.32578125,0.143518519,1,-0.43125,0.154166667,0,0,0,0,0,0,0,0,0,0,0,0,0,0,0
,,,,,,,,,,,,,,,,,,,,,,,,
4variationblur951.png,1,-0.406770833,0.049537037,1,-0.324739583,0.143518519,1,-0.429947917,0.15462963,0,0,0,0,0,0,0,0,0,0,0,0,0,0,0
,,,,,,,,,,,,,,,,,,,,,,,,
4variationblur952.png,1,-0.405208333,0.050462963,1,-0.322916667,0.144907407,1,-0.428385417,0.156018519,0,0,0,0,0,0,0,0,0,0,0,0,0,0,0
,,,,,,,,,,,,,,,,,,,,,,,,
4variationblur953.png,1,-0.402604167,0.050925926,1,-0.320833333,0.146296296,1,-0.425520833,0.157407407,0,0,0,0,0,0,0,0,0,0,0,0,0,0,0
,,,,,,,,,,,,,,,,,,,,,,,,
4variationblur954.png,1,-0.398958333,0.051388889,1,-0.3171875,0.146759259,1,-0.422395833,0.158333333,0,0,0,0,0,0,0,0,0,0,0,0,0,0,0
,,,,,,,,,,,,,,,,,,,,,,,,
4variationblur955.png,1,-0.39453125,0.051851852,1,-0.3140625,0.147222222,1,-0.418489583,0.159259259,0,0,0,0,0,0,0,0,0,0,0,0,0,0,0
,,,,,,,,,,,,,,,,,,,,,,,,
4variationblur956.png,1,-0.388802083,0.051388889,1,-0.309635417,0.148611111,1,-0.413020833,0.159722222,0,0,0,0,0,0,0,0,0,0,0,0,0,0,0
,,,,,,,,,,,,,,,,,,,,,,,,
4variationblur957.png,1,-0.38203125,0.052314815,1,-0.304427083,0.150462963,1,-0.406770833,0.161574074,0,0,0,0,0,0,0,0,0,0,0,0,0,0,0
,,,,,,,,,,,,,,,,,,,,,,,,
4variationblur958.png,1,-0.374479167,0.054166667,1,-0.29921875,0.151851852,1,-0.4,0.162037037,0,0,0,0,0,0,0,0,0,0,0,0,0,0,0
,,,,,,,,,,,,,,,,,,,,,,,,
4variationblur959.png,1,-0.365625,0.055092593,1,-0.29296875,0.152314815,1,-0.392708333,0.163888889,0,0,0,0,0,0,0,0,0,0,0,0,0,0,0
,,,,,,,,,,,,,,,,,,,,,,,,
4variationblur960.png,1,-0.35625,0.059722222,1,-0.285416667,0.152777778,1,-0.38359375,0.165277778,0,0,0,0,0,0,0,0,0,0,0,0,0,0,0
,,,,,,,,,,,,,,,,,,,,,,,,
4variationblur961.png,1,-0.3453125,0.062037037,1,-0.27890625,0.150925926,1,-0.374479167,0.165277778,0,0,0,0,0,0,0,0,0,0,0,0,0,0,0
,left_front_wheel,,,,,,left_armor,,,,,,,,,,,,,,,,,
4variationblur962.png,1,-0.334114583,0.065277778,1,-0.338541667,0.05,1,-0.365104167,0.165740741,1,-0.497395833,0.04537037,0,0,0,0,0,0,0,0,0,0,0,0
,,,,,,,,,,,,,,,,,,,,,,,,
4variationblur963.png,1,-0.322395833,0.07037037,1,-0.261197917,0.156944444,1,-0.354947917,0.165740741,1,-0.490885417,0.048611111,0,0,0,0,0,0,0,0,0,0,0,0
,,,,,,,,,,,,,,,,,,,,,,,,
4variationblur964.png,1,-0.309635417,0.070833333,1,-0.252083333,0.155555556,1,-0.34453125,0.165740741,1,-0.482291667,0.050462963,0,0,0,0,0,0,0,0,0,0,0,0
,,,,,,,,,,,,,,,,,,,,,,,,
4variationblur965.png,1,-0.29765625,0.071296296,0,0,0,1,-0.333854167,0.163888889,1,-0.46875,0.053240741,0,0,0,0,0,0,0,0,0,0,0,0
,,,,,,,,,,,,,,,,,,,,,,,,
4variationblur966.png,1,-0.28515625,0.072685185,0,0,0,1,-0.322916667,0.163888889,1,-0.455208333,0.055092593,0,0,0,0,0,0,0,0,0,0,0,0
,,,,,,,,,,,,,,,,,,,,,,,,
4variationblur967.png,1,-0.27265625,0.073611111,0,0,0,1,-0.311458333,0.163425926,1,-0.44140625,0.056944444,0,0,0,0,0,0,0,0,0,0,0,0
,,,,,,,,,,,,,,,,,,,,,,,,
4variationblur968.png,0,0,0,0,0,0,1,-0.299479167,0.164351852,1,-0.4265625,0.058333333,0,0,0,0,0,0,0,0,0,0,0,0
,,,,,,,,,,,,,,,,,,,,,,,,
4variationblur969.png,1,-0.244791667,0.072222222,0,0,0,1,-0.287760417,0.165740741,1,-0.41171875,0.060185185,0,0,0,0,0,0,0,0,0,0,0,0
,,,,,,,,,,,,,,,,,,,,,,,,
4variationblur970.png,0,0,0,0,0,0,1,-0.275260417,0.165740741,1,-0.396614583,0.0625,0,0,0,0,0,0,0,0,0,0,0,0
,,,,,,,,,,,,,,,,,,,,,,,,
4variationblur971.png,1,-0.211979167,0.081944444,0,0,0,1,-0.262760417,0.165740741,1,-0.380989583,0.064351852,0,0,0,0,0,0,0,0,0,0,0,0
,,,,,,,,,,,,,,,,,,,,,,,,
4variationblur972.png,0,0,0,0,0,0,1,-0.247135417,0.166203704,1,-0.365104167,0.065740741,0,0,0,0,0,0,0,0,0,0,0,0
,,,,,,,,,,,,,,,,,,,,,,,,
4variationblur973.png,0,0,0,0,0,0,0,0,0,1,-0.34921875,0.068518519,0,0,0,0,0,0,0,0,0,0,0,0
,,,,,,,,,,,,,,,,,,,,,,,,
4variationblur974.png,0,0,0,0,0,0,0,0,0,1,-0.3328125,0.069907407,0,0,0,0,0,0,0,0,0,0,0,0
,,,,,,,,,,,,,,,,,,,,,,,,
4variationblur975.png,0,0,0,0,0,0,0,0,0,1,-0.315885417,0.072222222,0,0,0,0,0,0,0,0,0,0,0,0
,,,,,,,,,,,,,,,,,,,,,,,,
4variationblur976.png,0,0,0,0,0,0,0,0,0,1,-0.29921875,0.073611111,0,0,0,0,0,0,0,0,0,0,0,0
,,,,,,,,,,,,,,,,,,,,,,,,
4variationblur977.png,0,0,0,0,0,0,0,0,0,1,-0.28203125,0.075,0,0,0,0,0,0,0,0,0,0,0,0
,,,,,,,,,,,,,,,,,,,,,,,,
4variationblur978.png,0,0,0,0,0,0,0,0,0,1,-0.264583333,0.076851852,0,0,0,0,0,0,0,0,0,0,0,0
,,,,,,,,,,,,,,,,,,,,,,,,
4variationblur979.png,0,0,0,0,0,0,0,0,0,1,-0.246614583,0.079166667,0,0,0,0,0,0,0,0,0,0,0,0
,,,,,,,,,,,,,,,,,,,,,,,,
4variationblur980.png,0,0,0,0,0,0,0,0,0,1,-0.22890625,0.081018519,0,0,0,0,0,0,0,0,0,0,0,0
,,,,,,,,,,,,,,,,,,,,,,,,
4variationblur981.png,0,0,0,0,0,0,0,0,0,1,-0.211197917,0.082407407,0,0,0,0,0,0,0,0,0,0,0,0
,,,,,,,,,,,,,,,,,,,,,,,,
4variationblur982.png,0,0,0,0,0,0,0,0,0,1,-0.193229167,0.084722222,0,0,0,0,0,0,0,0,0,0,0,0
,,,,,,,,,,,,,,,,,,,,,,,,
4variationblur983.png,0,0,0,0,0,0,0,0,0,1,-0.175260417,0.085185185,0,0,0,0,0,0,0,0,0,0,0,0
,,,,,,,,,,,,,,,,,,,,,,,,
4variationblur984.png,0,0,0,0,0,0,0,0,0,1,-0.156770833,0.086574074,0,0,0,0,0,0,0,0,0,0,0,0
,,,,,,,,,,,,,,,,,,,,,,,,
4variationblur985.png,0,0,0,0,0,0,0,0,0,1,-0.13828125,0.087962963,0,0,0,0,0,0,0,0,0,0,0,0
,,,,,,,,,,,,,,,,,,,,,,,,
4variationblur986.png,0,0,0,0,0,0,0,0,0,1,-0.11953125,0.089814815,0,0,0,0,0,0,0,0,0,0,0,0
,,,,,,,,,,,,,,,,,,,,,,,,
4variationblur987.png,0,0,0,0,0,0,0,0,0,1,-0.099739583,0.091666667,0,0,0,0,0,0,0,0,0,0,0,0
,,,,,,,,,,,,,,,,,,,,,,,,
4variationblur988.png,0,0,0,0,0,0,0,0,0,1,-0.079947917,0.093055556,0,0,0,0,0,0,0,0,0,0,0,0
,,,,,,,,,,,,,,,,,,,,,,,,
4variationblur989.png,0,0,0,0,0,0,0,0,0,1,-0.060416667,0.094444444,0,0,0,0,0,0,0,0,0,0,0,0
,,,,,,,,,,,,,,,,,,,,,,,,
4variationblur990.png,0,0,0,0,0,0,0,0,0,1,-0.041145833,0.096296296,0,0,0,0,0,0,0,0,0,0,0,0
,,,,,,,,,,,,,,,,,,,,,,,,
4variationblur991.png,0,0,0,0,0,0,0,0,0,1,-0.020833333,0.096296296,0,0,0,0,0,0,0,0,0,0,0,0
,,,,,,,,,,,,,,,,,,,,,,,,
4variationblur992.png,0,0,0,0,0,0,0,0,0,1,0,0.098148148,0,0,0,0,0,0,0,0,0,0,0,0
,,,,,,,,,,,,,,,,,,,,,,,,
4variationblur993.png,0,0,0,0,0,0,0,0,0,1,0.021354167,0.1,0,0,0,0,0,0,0,0,0,0,0,0
,,,,,,,,,,,,,,,,,,,,,,,,
4variationblur994.png,0,0,0,0,0,0,0,0,0,1,0.042447917,0.100462963,0,0,0,0,0,0,0,0,0,0,0,0
,,,,,,,,,,,,,,,,,,,,,,,,
4variationblur995.png,0,0,0,0,0,0,0,0,0,1,0.063541667,0.101851852,0,0,0,0,0,0,0,0,0,0,0,0
,,,,,,,,,,,,,,,,,,,,,,,,
4variationblur996.png,0,0,0,0,0,0,0,0,0,1,0.084635417,0.103703704,1,-0.050520833,0.079166667,1,-0.159895833,0.153240741,0,0,0,,,
,,,,,,,,,,,,,,,,,,,,,,,,
4variationblur997.png,0,0,0,0,0,0,0,0,0,1,0.104427083,0.10462963,1,-0.025520833,0.078703704,1,-0.153125,0.15,1,-0.045052083,0.175,,,
,,,,,,,,,,,,,,,,,,,,,,,,
4variationblur998.png,0,0,0,0,0,0,0,0,0,1,0.123697917,0.106944444,1,-0.001041667,0.081481481,1,-0.145833333,0.147685185,1,-0.03203125,0.169907407,,,
,,,,,,,,,,,,,,,,,,,,,,,,
4variationblur999.png,0,0,0,0,0,0,0,0,0,1,0.141927083,0.108796296,1,0.026302083,0.083796296,1,-0.138541667,0.143981481,1,-0.018229167,0.168055556,,,