img_name,left_front_wheel,lfw_x,lfw_y,left_back_wheel,lbw_x,lbw_y,left_armor,la_x,la_y,front,f_x,f_y,right_front_wheel,rfw_x,rfw_y,right_back_wheel,rbw_x,rbw_y,right_armor,ra_x,ra_y,back,b_x,b_y
,,,,,,,,,,,,,,,,,,,,,,,,
4variationblur2500.png,1,-0.078645833,0.071296296,1,0.1671875,0.067592593,1,0.03515625,0.124537037,0,0,0,0,0,0,0,0,0,0,0,0,0,0,0
,,,,,,,,,,,,,,,,,,,,,,,,
4variationblur2501.png,1,-0.0640625,0.07037037,1,0.1796875,0.066666667,1,0.047395833,0.124074074,0,0,0,0,0,0,0,0,0,0,0,0,0,0,0
,,,,,,,,,,,,,,,,,,,,,,,,
4variationblur2502.png,1,-0.049739583,0.070833333,1,0.1921875,0.066666667,1,0.059635417,0.124074074,0,0,0,0,0,0,0,0,0,0,0,0,0,0,0
,,,,,,,,,,,,,,,,,,,,,,,,
4variationblur2503.png,1,-0.036197917,0.07037037,1,0.204427083,0.066666667,1,0.071354167,0.123611111,0,0,0,0,0,0,0,0,0,0,0,0,0,0,0
,,,,,,,,,,,,,,,,,,,,,,,,
4variationblur2504.png,1,-0.022395833,0.068981481,1,0.21640625,0.066666667,1,0.083854167,0.123148148,0,0,0,0,0,0,0,0,0,0,0,0,0,0,0
,,,,,,,,,,,,,,,,,,,,,,,,
4variationblur2505.png,1,-0.008854167,0.068518519,1,0.228645833,0.066203704,1,0.095833333,0.122685185,0,0,0,0,0,0,0,0,0,0,0,0,0,0,0
,,,,,,,,,,,,,,,,,,,,,,,,
4variationblur2506.png,1,0.004427083,0.067592593,1,0.240885417,0.066203704,1,0.108072917,0.122685185,0,0,0,0,0,0,0,0,0,0,0,0,0,0,0
,,,,,,,,,,,,,,,,,,,,,,,,
4variationblur2507.png,1,0.0171875,0.06712963,1,0.253385417,0.065277778,1,0.1203125,0.122685185,0,0,0,0,0,0,0,0,0,0,0,0,0,0,0
,,,,,,,,,,,,,,,,,,,,,,,,
4variationblur2508.png,1,0.03125,0.066666667,1,0.265885417,0.065277778,1,0.1328125,0.122685185,0,0,0,0,0,0,0,0,0,0,0,0,0,0,0
,,,,,,,,,,,,,,,,,,,,,,,,
4variationblur2509.png,1,0.0453125,0.065740741,1,0.279166667,0.065277778,1,0.145572917,0.122222222,0,0,0,0,0,0,0,0,0,0,0,0,0,0,0
,,,,,,,,,,,,,,,,,,,,,,,,
4variationblur2510.png,1,0.059375,0.065740741,1,0.292447917,0.065740741,1,0.159375,0.122222222,0,0,0,0,0,0,0,0,0,0,0,0,0,0,0
,,,,,,,,,,,,,,,,,,,,,,,,
4variationblur2511.png,1,0.073958333,0.065740741,1,0.30625,0.065740741,1,0.172916667,0.122222222,0,0,0,0,0,0,0,0,0,0,0,0,0,0,0
,,,,,,,,,,,,,,,,,,,,,,,,
4variationblur2512.png,1,0.0890625,0.065740741,1,0.3203125,0.064351852,1,0.186979167,0.121296296,0,0,0,0,0,0,0,0,0,0,0,0,0,0,0
,,,,,,,,,,,,,,,,,,,,,,,,
4variationblur2513.png,1,0.104427083,0.066203704,1,0.334375,0.063888889,1,0.201822917,0.121296296,0,0,0,0,0,0,0,0,0,0,0,0,0,0,0
,,,,,,,,,,,,,,,,,,,,,,,,
4variationblur2514.png,1,0.1203125,0.06712963,1,0.348958333,0.063888889,1,0.215364583,0.12037037,0,0,0,0,0,0,0,0,0,0,0,0,0,0,0
,,,,,,,,,,,,,,,,,,,,,,,,
4variationblur2515.png,1,0.136197917,0.06712963,1,0.362760417,0.063888889,1,0.2296875,0.119907407,0,0,0,0,0,0,0,0,0,0,0,0,0,0,0
,,,,,,,,,,,,,,,,,,,,,,,,
4variationblur2516.png,1,0.1515625,0.068055556,1,0.3765625,0.063425926,1,0.244010417,0.119444444,0,0,0,0,0,0,0,0,0,0,0,0,0,0,0
,,,,,,,,,,,,,,,,,,,,,,,,
4variationblur2517.png,1,0.165885417,0.068518519,1,0.389322917,0.062962963,1,0.257552083,0.119444444,0,0,0,0,0,0,0,0,0,0,0,0,0,0,0
,,,,,,,,,,,,,,,,,,,,,,,,
4variationblur2518.png,1,0.17890625,0.068055556,1,0.402083333,0.0625,1,0.270052083,0.118518519,0,0,0,0,0,0,0,0,0,0,0,0,0,0,0
,,,,,,,,,,,,,,,,,,,,,,,,
4variationblur2519.png,1,0.190364583,0.068981481,1,0.413541667,0.061111111,1,0.281770833,0.118518519,0,0,0,0,0,0,0,0,0,0,0,0,0,0,0
,,,,,,,,,,,,,,,,,,,,,,,,
4variationblur2520.png,1,0.201041667,0.068981481,1,0.424739583,0.060648148,1,0.291927083,0.117592593,0,0,0,0,0,0,0,0,0,0,0,0,0,0,0
,,,,,,,,,,,,,,,,,,,,,,,,
4variationblur2521.png,1,0.209635417,0.068055556,1,0.43515625,0.059722222,1,0.302604167,0.117592593,0,0,0,0,0,0,0,0,0,0,0,0,0,0,0
,,,,,,,,,,,,,,,,,,,,,,,,
4variationblur2522.png,1,0.217708333,0.068518519,1,0.444010417,0.059259259,1,0.311458333,0.11712963,0,0,0,0,0,0,0,0,0,0,0,0,0,0,0
,,,,,,,,,,,,,,,,,,,,,,,,
4variationblur2523.png,1,0.22421875,0.067592593,1,0.451822917,0.058333333,1,0.31953125,0.116666667,0,0,0,0,0,0,0,0,0,0,0,0,0,0,0
,,,,,,,,,,,,,,,,,,,,,,,,
4variationblur2524.png,1,0.229427083,0.066666667,1,0.459635417,0.058333333,1,0.326302083,0.116203704,0,0,0,0,0,0,0,0,0,0,0,0,0,0,0
,,,,,,,,,,,,,,,,,,,,,,,,
4variationblur2525.png,1,0.234114583,0.067592593,1,0.466145833,0.056481481,1,0.332552083,0.116203704,0,0,0,0,0,0,0,0,0,0,0,0,0,0,0
,,,,,,,,,,,,,,,,,,,,,,,,
4variationblur2526.png,1,0.236979167,0.068518519,1,0.472395833,0.055092593,1,0.33828125,0.115740741,0,0,0,0,0,0,0,0,0,0,0,0,0,0,0
,,,,,,,,,,,,,,,,,,,,,,,,
4variationblur2527.png,1,0.23984375,0.068981481,1,0.476822917,0.053240741,1,0.343229167,0.114814815,0,0,0,0,0,0,0,0,0,0,0,0,0,0,0
,,,,,,,,,,,,,,,,,,,,,,,,
4variationblur2528.png,1,0.24140625,0.070833333,1,0.48046875,0.051851852,1,0.346614583,0.114814815,0,0,0,0,0,0,0,0,0,0,0,0,0,0,0
,,,,,,,,,,,,,,,,,,,,,,,,
4variationblur2529.png,1,0.241666667,0.071759259,1,0.48359375,0.050462963,1,0.349739583,0.114814815,0,0,0,0,0,0,0,0,0,0,0,0,0,0,0
,,,,,,,,,,,,,,,,,,,,,,,,
4variationblur2530.png,1,0.241145833,0.074074074,1,0.48515625,0.048611111,1,0.35234375,0.113888889,0,0,0,0,0,0,0,0,0,0,0,0,0,0,0
,,,,,,,,,,,,,,,,,,,,,,,,
4variationblur2531.png,1,0.240104167,0.076851852,1,0.48515625,0.047222222,1,0.35390625,0.114351852,0,0,0,0,0,0,0,0,0,0,0,0,0,0,0
,,,,,,,,,,,,,,,,,,,,,,,,
4variationblur2532.png,1,0.484635417,0.038888889,1,0.484895833,0.046296296,1,0.354947917,0.114351852,0,0,0,0,0,0,0,0,0,0,0,0,0,0,0
,,,,,,,,,,,,,,,,,,,,,,,,
4variationblur2533.png,1,0.482291667,0.0375,1,0.483072917,0.04537037,1,0.355989583,0.114351852,0,0,0,0,0,0,0,0,0,0,0,0,0,0,0
,,,,,,,,,,,,,,,,,,,,,,,,
4variationblur2534.png,1,0.233333333,0.085185185,1,0.479427083,0.042592593,1,0.35546875,0.113888889,0,0,0,0,0,0,0,0,0,0,0,0,0,0,0
,,,,,,,,,,,,,,,,,,,,,,,,
4variationblur2535.png,1,0.2296875,0.088888889,1,0.474739583,0.042592593,1,0.3546875,0.114351852,0,0,0,0,0,0,0,0,0,0,0,0,0,0,0
,,,,,,,,,,,,,,,,,,,,,,,,
4variationblur2536.png,1,0.227083333,0.09212963,1,0.46796875,0.041203704,1,0.353645833,0.114814815,0,0,0,0,0,0,0,0,0,0,0,0,0,0,0
,,,,,,,,,,,,,,,,,,,,,,,,
4variationblur2537.png,1,0.22421875,0.093981481,1,0.46015625,0.041203704,1,0.351822917,0.114814815,0,0,0,0,0,0,0,0,0,0,0,0,0,0,0
,,,,,,,,,,,,,,,,,,,,,,,,
4variationblur2538.png,1,0.221614583,0.096296296,1,0.4515625,0.040740741,1,0.35,0.114351852,0,0,0,0,0,0,0,0,0,0,0,0,0,0,0
,,,,,,,,,,,,,,,,,,,,,,,,
4variationblur2539.png,1,0.2203125,0.098148148,1,0.442447917,0.039814815,1,0.347916667,0.115277778,0,0,0,0,0,0,0,0,0,0,0,0,0,0,0
,,,,,,,,,,,,,,,,,,,,,,,,
4variationblur2540.png,1,0.21953125,0.099537037,0,0,0,1,0.49375,0.060185185,0,0,0,0,0,0,0,0,0,0,0,0,0,0,0
,,,,,,,,,,,,,,,,,,,,,,,,
4variationblur2541.png,1,0.219010417,0.100925926,1,0.42109375,0.038425926,1,0.491927083,0.05787037,0,0,0,0,0,0,0,0,0,0,0,0,0,0,0
,,,,,,,,,,,,,,,,,,,,,,,,
4variationblur2542.png,1,0.220052083,0.102314815,1,0.203385417,0.132407407,0,0,0,0,0,0,0,0,0,0,0,0,0,0,0,1,0.489322917,0.056481481
,,,,,,,,,,,,,,,,,,,,,,,,
4variationblur2543.png,1,0.221354167,0.104166667,1,0.203645833,0.134259259,0,0,0,0,0,0,0,0,0,0,0,0,0,0,0,1,0.485677083,0.05462963
,,,,,,,,,,,,,,,,,,,,,,,,
4variationblur2544.png,1,0.22265625,0.105555556,1,0.203645833,0.136111111,0,0,0,0,0,0,0,0,0,0,0,0,0,0,0,1,0.48203125,0.053240741
,,,,,,,,,,,,,,,,,,,,,,,,
4variationblur2545.png,1,0.22421875,0.106481481,1,0.203645833,0.137962963,0,0,0,0,0,0,0,0,0,0,0,0,0,0,0,1,0.477604167,0.051851852
,,,,,,,,,,,,,,,,,,,,,,,,
4variationblur2546.png,1,0.226041667,0.107407407,1,0.202864583,0.140277778,0,0,0,0,0,0,0,0,0,0,0,0,0,0,0,1,0.474479167,0.051388889
,,,,,,,,,,,,,,,,,,,,,,,,
4variationblur2547.png,1,0.227604167,0.10787037,1,0.201822917,0.142592593,0,0,0,0,0,0,0,0,0,0,0,0,0,0,0,1,0.471354167,0.050462963
,,,,,,,,,,,,,,,,,,,,,,,,
4variationblur2548.png,1,0.228385417,0.108333333,1,0.200520833,0.144444444,0,0,0,0,0,0,0,0,0,0,0,0,0,0,0,1,0.470052083,0.050462963
,,,,,,,,,,,,,,,,,,,,,,,,
4variationblur2549.png,1,0.229427083,0.107407407,1,0.198958333,0.145833333,0,0,0,0,0,0,0,0,0,0,0,0,0,0,0,1,0.469010417,0.049537037
,,,,,,,,,,,,,,,,,,,,,,,,
4variationblur2550.png,1,0.229427083,0.107407407,1,0.197135417,0.147685185,0,0,0,0,0,0,0,0,0,0,0,0,0,0,0,1,0.468489583,0.05
,,,,,,,,,,,,,,,,,,,,,,,,
4variationblur2551.png,1,0.229166667,0.106481481,1,0.19453125,0.15,0,0,0,0,0,0,0,0,0,0,0,0,0,0,0,1,0.46796875,0.05
,,,,,,,,,,,,,,,,,,,,,,,,
4variationblur2552.png,1,0.228125,0.107407407,1,0.19140625,0.151851852,0,0,0,0,0,0,0,0,0,0,0,0,0,0,0,1,0.46640625,0.050462963
,,,,,,,,,,,,,,,,,,,,,,,,
4variationblur2553.png,1,0.226041667,0.10787037,1,0.188020833,0.154166667,0,0,0,0,0,0,0,0,0,0,0,0,0,0,0,1,0.463541667,0.050925926
,,,,,,,,,,,,,,,,,,,,,,,,
4variationblur2554.png,1,0.22421875,0.108333333,1,0.184375,0.156481481,0,0,0,0,0,0,0,0,0,0,0,0,0,0,0,1,0.460677083,0.051851852
,,,,,,,,,,,,,,,,,,,,,,,,
4variationblur2555.png,1,0.222135417,0.108796296,1,0.18046875,0.15787037,0,0,0,0,0,0,0,0,0,0,0,0,0,0,0,1,0.456770833,0.052777778
,,,,,,,,,,,,,,,,,,,,,,,,
4variationblur2556.png,1,0.21953125,0.110185185,1,0.176041667,0.159259259,0,0,0,0,0,0,0,0,0,0,0,0,0,0,0,1,0.452083333,0.05462963
,,,,,,,,,,,,,,,,,,,,,,,,
4variationblur2557.png,1,0.216666667,0.111111111,1,0.170833333,0.162037037,0,0,0,0,0,0,0,0,0,0,0,0,0,0,0,1,0.447135417,0.056018519
,,,,,,,,,,,,,,,,,,,,,,,,
4variationblur2558.png,1,0.21328125,0.113425926,1,0.165885417,0.162962963,0,0,0,0,0,0,0,0,0,0,0,0,0,0,0,1,0.44140625,0.058333333
,,,,,,,,,,,,,,,,,,,,,,,,
4variationblur2559.png,1,0.209635417,0.115277778,0,0,0,0,0,0,0,0,0,0,0,0,0,0,0,0,0,0,1,0.43515625,0.060185185
,,,,,,,,,,,,,,,,,,,,,,,,
4variationblur2560.png,1,0.205729167,0.116203704,0,0,0,0,0,0,0,0,0,0,0,0,0,0,0,0,0,0,1,0.42890625,0.0625
,,,,,,,,,,,,,,,,,,,,,,,,
4variationblur2561.png,1,0.2015625,0.118518519,0,0,0,0,0,0,0,0,0,0,0,0,0,0,0,0,0,0,1,0.421614583,0.064814815
,,,,,,,,,,,,,,,,,,,,,,,,
4variationblur2562.png,1,0.197135417,0.121296296,0,0,0,0,0,0,0,0,0,0,0,0,0,0,0,0,0,0,1,0.414583333,0.067592593
,,,,,,,,,,,,,,,,,,,,,,,,
4variationblur2563.png,1,0.1921875,0.121296296,0,0,0,0,0,0,0,0,0,0,0,0,0,0,0,0,0,0,1,0.40703125,0.069907407
,,,,,,,,,,,,,,,,,,,,,,,,
4variationblur2564.png,1,0.1875,0.122685185,0,0,0,0,0,0,0,0,0,0,0,0,0,0,0,0,0,0,1,0.398958333,0.072685185
,,,,,,,,,,,,,,,,,,,,,,,,
4variationblur2565.png,1,0.1828125,0.124074074,0,0,0,0,0,0,0,0,0,0,0,0,0,0,0,0,0,0,1,0.39140625,0.075462963
,,,,,,,,,,,,,,,,,,,,,,,,
4variationblur2566.png,1,0.177604167,0.125925926,0,0,0,0,0,0,0,0,0,0,0,0,0,0,0,0,0,0,1,0.383333333,0.078240741
,,,,,,,,,,,,,,,,,,,,,,,,
4variationblur2567.png,1,0.17265625,0.127314815,0,0,0,0,0,0,0,0,0,0,0,0,0,0,0,0,0,0,1,0.375260417,0.080555556
,,,,,,,,,,,,,,,,,,,,,,,,
4variationblur2568.png,1,0.168229167,0.129166667,0,0,0,0,0,0,0,0,0,0,0,0,0,0,0,0,0,0,1,0.3671875,0.084259259
,,,,,,,,,,,,,,,,,,,,,,,,
4variationblur2569.png,1,0.163541667,0.131481481,0,0,0,0,0,0,0,0,0,0,0,0,0,0,0,0,0,0,1,0.359375,0.087037037
,,,,,,,,,,,,,,,,,,,,,,,,
4variationblur2570.png,1,0.15859375,0.132407407,0,0,0,0,0,0,0,0,0,0,0,0,0,0,0,0,0,0,1,0.351302083,0.089814815
,,,,,,,,,,,,,,,,,,,,,,,,
4variationblur2571.png,1,0.153645833,0.134722222,0,0,0,0,0,0,0,0,0,0,0,0,0,0,0,0,0,0,1,0.343489583,0.093055556
,,,,,,,,,,,,,,,,,,,,,,,,
4variationblur2572.png,1,0.148958333,0.136111111,0,0,0,0,0,0,0,0,0,0,0,0,0,0,0,0,0,0,1,0.335677083,0.095833333
,,,,,,,,,,,,,,,,,,,,,,,,
4variationblur2573.png,0,0,0,0,0,0,0,0,0,0,0,0,0,0,0,0,0,0,0,0,0,1,0.328385417,0.098611111
,,,,,,,,,,,,,,,,,,,,,,,,
4variationblur2574.png,0,0,0,0,0,0,0,0,0,0,0,0,0,0,0,0,0,0,0,0,0,1,0.320833333,0.100925926
,,,,,,,,,,,,,,,,,,,,,,,,
4variationblur2575.png,0,0,0,0,0,0,0,0,0,0,0,0,0,0,0,0,0,0,0,0,0,1,0.3140625,0.103703704
,,,,,,,,,,,,,,,,,,,,,,,,
4variationblur2576.png,0,0,0,0,0,0,0,0,0,0,0,0,0,0,0,0,0,0,0,0,0,1,0.307291667,0.106481481
,,,,,,,,,,,,,,,,,,,,,,,,
4variationblur2577.png,0,0,0,0,0,0,0,0,0,0,0,0,0,0,0,0,0,0,0,0,0,1,0.301041667,0.109259259
,,,,,,,,,,,,,,,,,,,,,,,,
4variationblur2578.png,0,0,0,0,0,0,0,0,0,0,0,0,0,0,0,0,0,0,0,0,0,1,0.2953125,0.112037037
,,,,,,,,,,,,,,,,,,,,,,,,
4variationblur2579.png,0,0,0,0,0,0,0,0,0,0,0,0,0,0,0,0,0,0,0,0,0,1,0.290104167,0.114351852
,,,,,,,,,,,,,,,,,,,,,,,,
4variationblur2580.png,1,0.11015625,0.15,0,0,0,0,0,0,0,0,0,0,0,0,0,0,0,0,0,0,1,0.285677083,0.116666667
,,,,,,,,,,,,,,,,,,,,,,,,
4variationblur2581.png,1,0.104947917,0.151388889,0,0,0,0,0,0,0,0,0,0,0,0,0,0,0,0,0,0,1,0.28125,0.119444444
,,,,,,,,,,,,,,,,,,,,,,,,
4variationblur2582.png,1,0.099739583,0.153240741,0,0,0,0,0,0,0,0,0,0,0,0,0,0,0,0,0,0,1,0.277864583,0.121759259
,,,,,,,,,,,,,,,,,,,,,,,,
4variationblur2583.png,1,0.09453125,0.15462963,0,0,0,0,0,0,0,0,0,0,0,0,0,0,0,0,0,0,1,0.273958333,0.124537037
,,,,,,,,,,,,,,,,,,,,,,,,
4variationblur2584.png,1,0.089322917,0.155092593,0,0,0,0,0,0,0,0,0,0,0,0,0,0,0,0,0,0,1,0.2703125,0.126388889
,,,,,,,,,,,,,,,,,,,,,,,,
4variationblur2585.png,1,0.084375,0.156018519,0,0,0,0,0,0,0,0,0,0,0,0,0,0,0,0,0,0,1,0.266666667,0.129166667
,,,,,,,,,,,,,,,,,,,,,,,,
4variationblur2586.png,1,0.0796875,0.156944444,0,0,0,0,0,0,0,0,0,0,0,0,0,0,0,0,0,0,1,0.262760417,0.131481481
,,,,,,,,,,,,,,,,,,,,,,,,
4variationblur2587.png,1,0.075,0.157407407,0,0,0,0,0,0,0,0,0,0,0,0,0,0,0,0,0,0,1,0.259114583,0.134259259
,,,,,,,,,,,,,,,,,,,,,,,,
4variationblur2588.png,1,0.070572917,0.158333333,1,0.202083333,0.132407407,0,0,0,0,0,0,0,0,0,0,0,0,0,0,0,1,0.2546875,0.137037037
,,,,,,,,,,,,,,,,,,,,,,,,
4variationblur2589.png,1,0.066666667,0.158796296,1,0.202604167,0.130555556,0,0,0,0,0,0,0,0,0,0,0,0,0,0,0,1,0.25,0.138888889
,,,,,,,,,,,,,,,,,,,,,,,,
4variationblur2590.png,1,0.062760417,0.159259259,1,0.203385417,0.132407407,0,0,0,1,0.147395833,0.175462963,0,0,0,0,0,0,0,0,0,0,0,0
,,,,,,,,,,,,,,,,,,,,,,,,
4variationblur2591.png,1,0.059375,0.158796296,1,0.203645833,0.134259259,0,0,0,1,0.143489583,0.176388889,0,0,0,0,0,0,0,0,0,0,0,0
,,,,,,,,,,,,,,,,,,,,,,,,
4variationblur2592.png,1,0.05625,0.160185185,1,0.203645833,0.136111111,0,0,0,1,0.140104167,0.178240741,0,0,0,0,0,0,0,0,0,0,0,0
,,,,,,,,,,,,,,,,,,,,,,,,
4variationblur2593.png,1,0.053645833,0.159722222,1,0.203645833,0.137962963,0,0,0,1,0.136979167,0.179166667,0,0,0,0,0,0,0,0,0,0,0,0
,,,,,,,,,,,,,,,,,,,,,,,,
4variationblur2594.png,1,0.051302083,0.159722222,1,0.202864583,0.140277778,0,0,0,1,0.133072917,0.180092593,0,0,0,0,0,0,0,0,0,0,0,0
,,,,,,,,,,,,,,,,,,,,,,,,
4variationblur2595.png,1,0.048958333,0.160648148,1,0.201822917,0.142592593,0,0,0,1,0.1296875,0.181944444,0,0,0,0,0,0,0,0,0,0,0,0
,,,,,,,,,,,,,,,,,,,,,,,,
4variationblur2596.png,1,0.198958333,0.139351852,1,0.200520833,0.144444444,0,0,0,1,0.126041667,0.18287037,0,0,0,0,0,0,0,0,0,0,0,0
,,,,,,,,,,,,,,,,,,,,,,,,
4variationblur2597.png,1,0.198177083,0.140277778,1,0.198958333,0.145833333,0,0,0,1,0.122916667,0.183333333,0,0,0,0,0,0,0,0,0,0,0,0
,,,,,,,,,,,,,,,,,,,,,,,,
4variationblur2598.png,1,0.1953125,0.143055556,1,0.197135417,0.147685185,0,0,0,1,0.119270833,0.184722222,0,0,0,0,0,0,0,0,0,0,0,0
,,,,,,,,,,,,,,,,,,,,,,,,
4variationblur2599.png,1,0.04453125,0.160185185,1,0.19453125,0.15,0,0,0,1,0.115625,0.185648148,0,0,0,0,0,0,0,0,0,0,0,0
,,,,,,,,,,,,,,,,,,,,,,,,
4variationblur2600.png,1,0.1890625,0.155092593,1,0.19140625,0.151851852,0,0,0,1,0.111979167,0.186111111,0,0,0,0,0,0,0,0,0,0,0,0
,,,,,,,,,,,,,,,,,,,,,,,,
4variationblur2601.png,1,0.044791667,0.160648148,1,0.188020833,0.154166667,0,0,0,1,0.108333333,0.1875,0,0,0,0,0,0,0,0,0,0,0,0
,,,,,,,,,,,,,,,,,,,,,,,,
4variationblur2602.png,1,0.04453125,0.161111111,1,0.184375,0.156481481,0,0,0,1,0.104947917,0.188888889,0,0,0,0,0,0,0,0,0,0,0,0
,,,,,,,,,,,,,,,,,,,,,,,,
4variationblur2603.png,1,0.0453125,0.161111111,1,0.18046875,0.15787037,0,0,0,1,0.101302083,0.189814815,0,0,0,0,0,0,0,0,0,0,0,0
,,,,,,,,,,,,,,,,,,,,,,,,
4variationblur2604.png,1,0.045572917,0.160648148,1,0.176041667,0.159259259,0,0,0,1,0.09765625,0.190277778,0,0,0,0,0,0,0,0,0,0,0,0
,,,,,,,,,,,,,,,,,,,,,,,,
4variationblur2605.png,1,0.045833333,0.161574074,1,0.170833333,0.162037037,0,0,0,1,0.09375,0.191666667,0,0,0,0,0,0,0,0,0,0,0,0
,,,,,,,,,,,,,,,,,,,,,,,,
4variationblur2606.png,1,0.046354167,0.161574074,1,0.165885417,0.162962963,0,0,0,1,0.090104167,0.19212963,0,0,0,0,0,0,0,0,0,0,0,0
,,,,,,,,,,,,,,,,,,,,,,,,
4variationblur2607.png,1,0.046614583,0.161111111,0,0,0,0,0,0,1,0.160416667,0.164814815,0,0,0,0,0,0,0,0,0,0,0,0
,,,,,,,,,,,,,,,,,,,,,,,,
4variationblur2608.png,1,0.047395833,0.161574074,1,-0.00546875,0.175925926,0,0,0,1,0.1546875,0.165277778,0,0,0,0,0,0,0,0,0,0,0,0
,,,,,,,,,,,,,,,,,,,,,,,,
4variationblur2609.png,1,0.04765625,0.162962963,1,-0.008072917,0.175,0,0,0,1,0.148697917,0.166666667,0,0,0,0,0,0,0,0,0,0,0,0
,,,,,,,,,,,,,,,,,,,,,,,,
4variationblur2610.png,1,0.048177083,0.1625,1,-0.010677083,0.175,0,0,0,1,0.143229167,0.168055556,0,0,0,0,0,0,0,0,0,0,0,0
,,,,,,,,,,,,,,,,,,,,,,,,
4variationblur2611.png,1,0.048697917,0.163425926,0,0,0,1,0.070572917,0.194907407,1,-0.013020833,0.174074074,0,0,0,0,0,0,0,0,0,0,0,0
,,,,,,,,,,,,,,,,,,,,,,,,
4variationblur2612.png,1,0.048697917,0.162962963,0,0,0,1,0.06640625,0.195833333,1,-0.01484375,0.173611111,0,0,0,0,0,0,0,0,0,0,0,0
,,,,,,,,,,,,,,,,,,,,,,,,
4variationblur2613.png,1,0.048958333,0.163425926,0,0,0,1,0.062760417,0.196296296,1,-0.016666667,0.173611111,0,0,0,0,0,0,0,0,0,0,0,0
,,,,,,,,,,,,,,,,,,,,,,,,
4variationblur2614.png,1,0.049479167,0.162962963,0,0,0,1,0.059895833,0.2,1,-0.018489583,0.174074074,0,0,0,0,0,0,0,0,0,0,0,0
,,,,,,,,,,,,,,,,,,,,,,,,
4variationblur2615.png,1,0.049739583,0.163888889,0,0,0,0,0,0,1,-0.0203125,0.173611111,0,0,0,0,0,0,0,0,0,0,0,0
,,,,,,,,,,,,,,,,,,,,,,,,
4variationblur2616.png,1,0.05,0.162962963,0,0,0,1,-0.031770833,0.237962963,1,-0.021354167,0.173611111,0,0,0,0,0,0,0,0,0,0,0,0
,,,,,,,,,,,,,,,,,,,,,,,,
4variationblur2617.png,1,0.04921875,0.162962963,0,0,0,0,0,0,1,-0.023177083,0.173148148,0,0,0,0,0,0,0,0,0,0,0,0
,,,,,,,,,,,,,,,,,,,,,,,,
4variationblur2618.png,1,0.048958333,0.162962963,0,0,0,0,0,0,1,-0.024739583,0.173148148,0,0,0,0,0,0,0,0,0,0,0,0
,,,,,,,,,,,,,,,,,,,,,,,,
4variationblur2619.png,1,0.0484375,0.163425926,0,0,0,0,0,0,1,-0.026041667,0.172685185,0,0,0,0,0,0,0,0,0,0,0,0
,,,,,,,,,,,,,,,,,,,,,,,,
4variationblur2620.png,1,0.048177083,0.162962963,0,0,0,0,0,0,1,-0.027083333,0.172222222,0,0,0,0,0,0,0,0,0,0,0,0
,,,,,,,,,,,,,,,,,,,,,,,,
4variationblur2621.png,1,0.047916667,0.163425926,0,0,0,0,0,0,1,-0.028125,0.171759259,0,0,0,0,0,0,0,0,0,0,0,0
,,,,,,,,,,,,,,,,,,,,,,,,
4variationblur2622.png,1,0.047395833,0.164814815,0,0,0,1,0.03046875,0.200462963,1,-0.02890625,0.171759259,0,0,0,0,0,0,0,0,0,0,0,0
,,,,,,,,,,,,,,,,,,,,,,,,
4variationblur2623.png,0,0,0,0,0,0,0,0,0,1,-0.0296875,0.170833333,0,0,0,0,0,0,0,0,0,0,0,0
,,,,,,,,,,,,,,,,,,,,,,,,
4variationblur2624.png,0,0,0,0,0,0,0,0,0,1,-0.03046875,0.170833333,0,0,0,0,0,0,0,0,0,0,0,0
,,,,,,,,,,,,,,,,,,,,,,,,
4variationblur2625.png,0,0,0,0,0,0,0,0,0,1,-0.030989583,0.169907407,0,0,0,0,0,0,0,0,0,0,0,0
,,,,,,,,,,,,,,,,,,,,,,,,
4variationblur2626.png,0,0,0,0,0,0,0,0,0,1,-0.031510417,0.168981481,0,0,0,0,0,0,0,0,0,0,0,0
,,,,,,,,,,,,,,,,,,,,,,,,
4variationblur2627.png,0,0,0,0,0,0,0,0,0,1,-0.031510417,0.168055556,0,0,0,0,0,0,0,0,0,0,0,0
,,,,,,,,,,,,,,,,,,,,,,,,
4variationblur2628.png,0,0,0,0,0,0,1,-0.46796875,0.198611111,1,-0.031510417,0.167592593,0,0,0,0,0,0,0,0,0,0,0,0
,,,,,,,,,,,,,,,,,,,,,,,,
4variationblur2629.png,0,0,0,0,0,0,0,0,0,1,-0.031510417,0.166666667,0,0,0,0,0,0,0,0,0,0,0,0
,,,,,,,,,,,,,,,,,,,,,,,,
4variationblur2630.png,0,0,0,0,0,0,0,0,0,1,-0.030989583,0.166203704,0,0,0,0,0,0,0,0,0,0,0,0
,,,,,,,,,,,,,,,,,,,,,,,,
4variationblur2631.png,0,0,0,0,0,0,1,-0.422916667,0.231018519,1,-0.030208333,0.164814815,0,0,0,0,0,0,0,0,0,0,0,0
,,,,,,,,,,,,,,,,,,,,,,,,
4variationblur2632.png,0,0,0,0,0,0,0,0,0,1,-0.029166667,0.163888889,0,0,0,0,0,0,0,0,0,0,0,0
,,,,,,,,,,,,,,,,,,,,,,,,
4variationblur2633.png,0,0,0,0,0,0,0,0,0,1,-0.028125,0.162962963,0,0,0,0,0,0,0,0,0,0,0,0
,,,,,,,,,,,,,,,,,,,,,,,,
4variationblur2634.png,0,0,0,0,0,0,0,0,0,1,-0.0265625,0.162037037,0,0,0,0,0,0,0,0,0,0,0,0
,,,,,,,,,,,,,,,,,,,,,,,,
4variationblur2635.png,0,0,0,0,0,0,0,0,0,1,-0.02421875,0.162037037,0,0,0,0,0,0,0,0,0,0,0,0
,,,,,,,,,,,,,,,,,,,,,,,,
4variationblur2636.png,0,0,0,0,0,0,0,0,0,1,-0.021614583,0.160185185,0,0,0,0,0,0,0,0,0,0,0,0
,,,,,,,,,,,,,,,,,,,,,,,,
4variationblur2637.png,0,0,0,0,0,0,0,0,0,1,-0.018489583,0.159722222,0,0,0,0,0,0,0,0,0,0,0,0
,,,,,,,,,,,,,,,,,,,,,,,,
4variationblur2638.png,0,0,0,0,0,0,0,0,0,1,-0.015364583,0.158333333,0,0,0,0,0,0,0,0,0,0,0,0
,,,,,,,,,,,,,,,,,,,,,,,,
4variationblur2639.png,0,0,0,0,0,0,0,0,0,1,-0.012239583,0.156944444,0,0,0,0,0,0,0,0,0,0,0,0
,,,,,,,,,,,,,,,,,,,,,,,,
4variationblur2640.png,0,0,0,0,0,0,1,-0.415104167,0.214814815,1,-0.00859375,0.156018519,0,0,0,0,0,0,0,0,0,0,0,0
,,,,,,,,,,,,,,,,,,,,,,,,
4variationblur2641.png,0,0,0,0,0,0,1,-0.415104167,0.214814815,1,-0.0046875,0.155092593,0,0,0,0,0,0,0,0,0,0,0,0
,,,,,,,,,,,,,,,,,,,,,,,,
4variationblur2642.png,0,0,0,0,0,0,0,0,0,1,-0.00078125,0.154166667,0,0,0,0,0,0,0,0,0,0,0,0
,,,,,,,,,,,,,,,,,,,,,,,,
4variationblur2643.png,0,0,0,0,0,0,0,0,0,1,0.003385417,0.152314815,0,0,0,0,0,0,0,0,0,0,0,0
,,,,,,,,,,,,,,,,,,,,,,,,
4variationblur2644.png,0,0,0,0,0,0,0,0,0,1,0.0078125,0.151388889,1,-0.077864583,0.153703704,0,0,0,0,0,0,0,0,0
,,,,,,,,,,,,,,,,,,,,,,,,
4variationblur2645.png,0,0,0,0,0,0,0,0,0,1,0.0125,0.15,1,-0.073177083,0.150925926,0,0,0,0,0,0,0,0,0
,,,,,,,,,,,,,,,,,,,,,,,,
4variationblur2646.png,0,0,0,0,0,0,0,0,0,1,0.017447917,0.148148148,1,-0.067708333,0.148611111,1,-0.1359375,0.177314815,0,0,0,0,0,0
,,,,,,,,,,,,,,,,,,,,,,,,
4variationblur2647.png,0,0,0,0,0,0,0,0,0,1,0.02265625,0.147222222,1,-0.061979167,0.14537037,1,-0.13515625,0.177777778,0,0,0,0,0,0
,,,,,,,,,,,,,,,,,,,,,,,,
4variationblur2648.png,0,0,0,0,0,0,0,0,0,1,0.028125,0.145833333,1,-0.055989583,0.143518519,1,-0.133854167,0.175462963,0,0,0,0,0,0
,,,,,,,,,,,,,,,,,,,,,,,,
4variationblur2649.png,0,0,0,0,0,0,0,0,0,1,0.033333333,0.144444444,1,-0.049739583,0.141666667,1,-0.133333333,0.174074074,1,-0.061458333,0.189351852,0,0,0
,,,,,,,,,,,,,,,,,,,,,,,,
4variationblur2650.png,0,0,0,0,0,0,0,0,0,1,0.038802083,0.142592593,1,-0.043489583,0.138888889,1,-0.13125,0.172222222,1,-0.056770833,0.187037037,0,0,0
,,,,,,,,,,,,,,,,,,,,,,,,
4variationblur2651.png,0,0,0,0,0,0,0,0,0,1,0.044010417,0.141666667,1,-0.037760417,0.137037037,1,-0.1296875,0.17037037,1,-0.053385417,0.185648148,0,0,0
,,,,,,,,,,,,,,,,,,,,,,,,
4variationblur2652.png,0,0,0,0,0,0,0,0,0,1,0.04921875,0.139814815,1,-0.032291667,0.134722222,1,-0.12734375,0.168518519,1,-0.05,0.183333333,0,0,0
,,,,,,,,,,,,,,,,,,,,,,,,
4variationblur2653.png,0,0,0,0,0,0,0,0,0,1,0.054166667,0.138888889,1,-0.027604167,0.133333333,1,-0.124739583,0.167592593,1,-0.046614583,0.18287037,0,0,0
,,,,,,,,,,,,,,,,,,,,,,,,
4variationblur2654.png,0,0,0,0,0,0,0,0,0,1,0.059114583,0.137037037,1,-0.022916667,0.131481481,1,-0.121354167,0.165740741,1,-0.042708333,0.181481481,0,0,0
,,,,,,,,,,,,,,,,,,,,,,,,
4variationblur2655.png,0,0,0,0,0,0,0,0,0,1,0.063541667,0.136111111,1,-0.01875,0.130092593,1,-0.118229167,0.164351852,1,-0.038802083,0.180555556,0,0,0
,,,,,,,,,,,,,,,,,,,,,,,,
4variationblur2656.png,0,0,0,0,0,0,0,0,0,1,0.068229167,0.134722222,1,-0.015364583,0.129166667,1,-0.11484375,0.162962963,1,-0.034895833,0.179166667,0,0,0
,,,,,,,,,,,,,,,,,,,,,,,,
4variationblur2657.png,0,0,0,0,0,0,0,0,0,1,0.071875,0.13287037,1,-0.012239583,0.127777778,1,-0.111458333,0.1625,1,-0.030989583,0.178240741,0,0,0
,,,,,,,,,,,,,,,,,,,,,,,,
4variationblur2658.png,0,0,0,0,0,0,0,0,0,1,0.075520833,0.131481481,1,-0.01015625,0.126851852,1,-0.107552083,0.162037037,1,-0.027864583,0.177777778,0,0,0
,,,,,,,,,,,,,,,,,,,,,,,,
4variationblur2659.png,0,0,0,0,0,0,0,0,0,1,0.078645833,0.130092593,1,-0.00859375,0.125,1,-0.103645833,0.160648148,1,-0.024479167,0.176851852,0,0,0
,,,,,,,,,,,,,,,,,,,,,,,,
4variationblur2660.png,0,0,0,0,0,0,0,0,0,1,0.08125,0.128240741,1,-0.00703125,0.124074074,1,-0.100260417,0.160185185,1,-0.02109375,0.175925926,0,0,0
,,,,,,,,,,,,,,,,,,,,,,,,
4variationblur2661.png,0,0,0,0,0,0,0,0,0,1,0.083854167,0.126851852,1,-0.005989583,0.123611111,1,-0.096354167,0.159722222,1,-0.018229167,0.175462963,0,0,0
,,,,,,,,,,,,,,,,,,,,,,,,
4variationblur2662.png,0,0,0,0,0,0,0,0,0,1,0.086458333,0.125,1,-0.004947917,0.122222222,1,-0.0921875,0.158796296,1,-0.015364583,0.175462963,0,0,0
,,,,,,,,,,,,,,,,,,,,,,,,
4variationblur2663.png,0,0,0,0,0,0,0,0,0,1,0.088802083,0.124074074,1,-0.004427083,0.121296296,1,-0.088541667,0.158333333,1,-0.0125,0.175925926,0,0,0
,,,,,,,,,,,,,,,,,,,,,,,,
4variationblur2664.png,0,0,0,0,0,0,0,0,0,1,0.090885417,0.121759259,1,-0.003645833,0.119907407,1,-0.084895833,0.157407407,0,0,0,0,0,0
,,,,,,,,,,,,,,,,,,,,,,,,
4variationblur2665.png,0,0,0,0,0,0,0,0,0,1,0.09296875,0.119907407,1,-0.003125,0.118981481,1,-0.08125,0.156018519,0,0,0,0,0,0
,,,,,,,,,,,,,,,,,,,,,,,,
4variationblur2666.png,0,0,0,0,0,0,0,0,0,1,-0.002604167,0.117592593,1,0.0953125,0.118055556,1,-0.077083333,0.155555556,0,0,0,0,0,0
,,,,,,,,,,,,,,,,,,,,,,,,
4variationblur2667.png,0,0,0,0,0,0,0,0,0,1,0.097395833,0.116666667,1,-0.001302083,0.11712963,1,-0.412239583,0.215740741,0,0,0,0,0,0
,,,,,,,,,,,,,,,,,,,,,,,,
4variationblur2668.png,0,0,0,0,0,0,0,0,0,1,0.1,0.115277778,1,0,0.116203704,0,0,0,0,0,0,0,0,0
,,,,,,,,,,,,,,,,,,,,,,,,
4variationblur2669.png,0,0,0,0,0,0,0,0,0,1,0.102083333,0.113888889,1,0.001302083,0.115277778,0,0,0,0,0,0,0,0,0
,,,,,,,,,,,,,,,,,,,,,,,,
4variationblur2670.png,0,0,0,0,0,0,0,0,0,1,0.104427083,0.112037037,1,0.002604167,0.114814815,0,0,0,0,0,0,0,0,0
,,,,,,,,,,,,,,,,,,,,,,,,
4variationblur2671.png,0,0,0,0,0,0,0,0,0,1,0.106510417,0.110648148,1,0.003385417,0.112962963,0,0,0,0,0,0,0,0,0
,,,,,,,,,,,,,,,,,,,,,,,,
4variationblur2672.png,0,0,0,0,0,0,0,0,0,1,0.10859375,0.108796296,1,0.0046875,0.112037037,1,-0.412239583,0.215740741,0,0,0,0,0,0
,,,,,,,,,,,,,,,,,,,,,,,,
4variationblur2673.png,0,0,0,0,0,0,0,0,0,1,0.1109375,0.106944444,1,0.00546875,0.110648148,0,0,0,0,0,0,0,0,0
,,,,,,,,,,,,,,,,,,,,,,,,
4variationblur2674.png,0,0,0,0,0,0,0,0,0,1,0.113020833,0.105555556,1,0.006770833,0.109722222,0,0,0,0,0,0,0,0,0
,,,,,,,,,,,,,,,,,,,,,,,,
4variationblur2675.png,0,0,0,0,0,0,0,0,0,1,0.115104167,0.103703704,1,0.0078125,0.10787037,0,0,0,0,0,0,0,0,0
,,,,,,,,,,,,,,,,,,,,,,,,
4variationblur2676.png,0,0,0,0,0,0,0,0,0,1,0.1171875,0.101851852,1,0.008854167,0.106944444,1,-0.4125,0.216666667,0,0,0,0,0,0
,,,,,,,,,,,,,,,,,,,,,,,,
4variationblur2677.png,0,0,0,0,0,0,0,0,0,1,0.119010417,0.099074074,1,0.009635417,0.106018519,1,-0.412239583,0.215740741,0,0,0,0,0,0
,,,,,,,,,,,,,,,,,,,,,,,,
4variationblur2678.png,0,0,0,0,0,0,0,0,0,1,0.12109375,0.097222222,1,0.0109375,0.103703704,1,-0.412239583,0.215740741,0,0,0,0,0,0
,,,,,,,,,,,,,,,,,,,,,,,,
4variationblur2679.png,0,0,0,0,0,0,0,0,0,1,0.1234375,0.09537037,1,0.012239583,0.101388889,1,-0.4125,0.216203704,0,0,0,0,0,0
,,,,,,,,,,,,,,,,,,,,,,,,
4variationblur2680.png,0,0,0,0,0,0,0,0,0,1,0.126041667,0.093055556,1,0.013541667,0.098611111,0,0,0,0,0,0,0,0,0
,,,,,,,,,,,,,,,,,,,,,,,,
4variationblur2681.png,0,0,0,0,0,0,0,0,0,1,0.129166667,0.091203704,1,0.015625,0.096296296,0,0,0,0,0,0,0,0,0
,,,,,,,,,,,,,,,,,,,,,,,,
4variationblur2682.png,0,0,0,0,0,0,0,0,0,1,0.132291667,0.088425926,1,0.017708333,0.093055556,0,0,0,0,0,0,0,0,0
,,,,,,,,,,,,,,,,,,,,,,,,
4variationblur2683.png,0,0,0,0,0,0,0,0,0,1,0.020052083,0.087037037,1,0.1359375,0.085648148,0,0,0,0,0,0,0,0,0
,,,,,,,,,,,,,,,,,,,,,,,,
4variationblur2684.png,0,0,0,0,0,0,0,0,0,1,0.02265625,0.083333333,1,0.13984375,0.08287037,1,-0.4125,0.216666667,0,0,0,0,0,0
,,,,,,,,,,,,,,,,,,,,,,,,
4variationblur2685.png,0,0,0,0,0,0,0,0,0,1,0.025520833,0.076851852,1,0.144010417,0.080092593,0,0,0,0,0,0,0,0,0
,,,,,,,,,,,,,,,,,,,,,,,,
4variationblur2686.png,0,0,0,0,0,0,0,0,0,1,0.02890625,0.08287037,1,0.1484375,0.076851852,1,-0.412760417,0.215277778,0,0,0,0,0,0
,,,,,,,,,,,,,,,,,,,,,,,,
4variationblur2687.png,0,0,0,0,0,0,0,0,0,1,0.032291667,0.076851852,1,0.153125,0.073148148,0,0,0,0,0,0,0,0,0
,,,,,,,,,,,,,,,,,,,,,,,,
4variationblur2688.png,0,0,0,0,0,0,0,0,0,1,0.035416667,0.071296296,1,0.15859375,0.069907407,0,0,0,0,0,0,0,0,0
,,,,,,,,,,,,,,,,,,,,,,,,
4variationblur2689.png,0,0,0,0,0,0,0,0,0,1,0.0390625,0.067592593,1,0.163802083,0.066203704,0,0,0,0,0,0,0,0,0
,,,,,,,,,,,,,,,,,,,,,,,,
4variationblur2690.png,0,0,0,0,0,0,0,0,0,1,0.042708333,0.063425926,1,0.169270833,0.062037037,0,0,0,0,0,0,0,0,0
,,,,,,,,,,,,,,,,,,,,,,,,
4variationblur2691.png,0,0,0,0,0,0,0,0,0,1,0.046614583,0.059259259,1,0.175260417,0.058333333,0,0,0,0,0,0,0,0,0
,,,,,,,,,,,,,,,,,,,,,,,,
4variationblur2692.png,0,0,0,0,0,0,0,0,0,1,0.050520833,0.055555556,1,0.180989583,0.053240741,0,0,0,0,0,0,0,0,0
,,,,,,,,,,,,,,,,,,,,,,,,
4variationblur2693.png,0,0,0,0,0,0,0,0,0,1,0.055208333,0.052777778,1,0.18671875,0.048611111,0,0,0,0,0,0,0,0,0
,,,,,,,,,,,,,,,,,,,,,,,,
4variationblur2694.png,0,0,0,0,0,0,0,0,0,1,0.059375,0.048148148,1,0.193229167,0.043981481,0,0,0,0,0,0,0,0,0
,,,,,,,,,,,,,,,,,,,,,,,,
4variationblur2695.png,0,0,0,0,0,0,0,0,0,1,0.199739583,0.038888889,1,0.0640625,0.043518519,0,0,0,0,0,0,0,0,0
,,,,,,,,,,,,,,,,,,,,,,,,
4variationblur2696.png,0,0,0,0,0,0,0,0,0,1,0.206510417,0.034259259,1,0.06875,0.038888889,0,0,0,0,0,0,0,0,0
,,,,,,,,,,,,,,,,,,,,,,,,
4variationblur2697.png,0,0,0,0,0,0,0,0,0,1,0.213802083,0.028703704,1,0.0734375,0.033796296,0,0,0,0,0,0,0,0,0
,,,,,,,,,,,,,,,,,,,,,,,,
4variationblur2698.png,0,0,0,0,0,0,0,0,0,1,0.220833333,0.023611111,1,0.078385417,0.028703704,0,0,0,0,0,0,0,0,0
,,,,,,,,,,,,,,,,,,,,,,,,
4variationblur2699.png,0,0,0,0,0,0,0,0,0,1,0.228385417,0.018055556,1,0.084114583,0.022685185,1,-0.41875,0.221296296,0,0,0,0,0,0
,,,,,,,,,,,,,,,,,,,,,,,,
4variationblur2700.png,0,0,0,0,0,0,0,0,0,1,0.236197917,0.012037037,1,0.08984375,0.018055556,1,-0.4078125,0.224074074,0,0,0,0,0,0
,,,,,,,,,,,,,,,,,,,,,,,,
4variationblur2701.png,0,0,0,0,0,0,0,0,0,1,0.244010417,0.006481481,1,0.095572917,0.011574074,0,0,0,0,0,0,0,0,0
,,,,,,,,,,,,,,,,,,,,,,,,
4variationblur2702.png,0,0,0,0,0,0,0,0,0,1,0.252083333,0,1,0.101302083,0.00462963,1,-0.408854167,0.224074074,0,0,0,0,0,0
,,,,,,,,,,,,,,,,,,,,,,,,
4variationblur2703.png,0,0,0,0,0,0,0,0,0,1,0.1078125,-0.004166667,1,0.260677083,-0.007407407,1,-0.409114583,0.224537037,0,0,0,0,0,0
,,,,,,,,,,,,,,,,,,,,,,,,
4variationblur2704.png,0,0,0,0,0,0,0,0,0,1,0.1140625,-0.013425926,1,0.269791667,-0.013888889,1,-0.203125,0.219444444,0,0,0,0,0,0
,,,,,,,,,,,,,,,,,,,,,,,,
4variationblur2705.png,0,0,0,0,0,0,0,0,0,1,0.1203125,-0.019444444,1,0.279166667,-0.020833333,1,0.026302083,0.077777778,0,0,0,0,0,0
,,,,,,,,,,,,,,,,,,,,,,,,
4variationblur2706.png,0,0,0,0,0,0,0,0,0,1,0.12734375,-0.026851852,1,0.28828125,-0.027777778,1,0.0296875,0.072222222,1,0.132291667,0.083796296,0,0,0
,,,,,,,,,,,,,,,,,,,,,,,,
4variationblur2707.png,0,0,0,0,0,0,0,0,0,1,0.134375,-0.034259259,1,0.298177083,-0.035185185,1,0.03359375,0.064351852,1,0.138020833,0.078703704,0,0,0
,,,,,,,,,,,,,,,,,,,,,,,,
4variationblur2708.png,0,0,0,0,0,0,0,0,0,1,0.141666667,-0.043055556,1,0.308333333,-0.042592593,1,0.037760417,0.060648148,1,0.144270833,0.073611111,0,0,0
,,,,,,,,,,,,,,,,,,,,,,,,
4variationblur2709.png,0,0,0,0,0,0,0,0,0,1,0.148958333,-0.051851852,1,0.31875,-0.050925926,1,0.04140625,0.057407407,1,0.151302083,0.06712963,0,0,0
,,,,,,,,,,,,,,,,,,,,,,,,
4variationblur2710.png,0,0,0,0,0,0,0,0,0,1,0.156770833,-0.060185185,1,0.329427083,-0.058796296,1,0.045572917,0.050925926,1,0.158072917,0.062037037,0,0,0
,,,,,,,,,,,,,,,,,,,,,,,,
4variationblur2711.png,0,0,0,0,0,0,0,0,0,1,0.163802083,-0.06712963,1,0.340364583,-0.066666667,1,-0.412239583,0.223148148,1,0.164322917,0.056944444,0,0,0
,,,,,,,,,,,,,,,,,,,,,,,,
4variationblur2712.png,0,0,0,0,0,0,0,0,0,1,0.1703125,-0.075462963,1,0.350520833,-0.075925926,1,0.054947917,0.043981481,1,0.170833333,0.050462963,0,0,0
,,,,,,,,,,,,,,,,,,,,,,,,
4variationblur2713.png,0,0,0,0,0,0,0,0,0,1,0.359895833,-0.084259259,1,0.175,-0.081944444,1,-0.412760417,0.223611111,1,0.177083333,0.046296296,0,0,0
,,,,,,,,,,,,,,,,,,,,,,,,
4variationblur2714.png,0,0,0,0,0,0,0,0,0,1,0.36796875,-0.092592593,1,0.17890625,-0.089351852,1,0.065104167,0.033333333,1,0.183333333,0.04212963,0,0,0
,,,,,,,,,,,,,,,,,,,,,,,,
4variationblur2715.png,0,0,0,0,0,0,0,0,0,1,0.375,-0.101388889,1,0.180989583,-0.096296296,1,0.07109375,0.031481481,1,0.189322917,0.037037037,0,0,0
,,,,,,,,,,,,,,,,,,,,,,,,
4variationblur2716.png,0,0,0,0,0,0,0,0,0,1,0.38046875,-0.110185185,1,0.18125,-0.102314815,0,0,0,1,0.194791667,0.033333333,0,0,0
,,,,,,,,,,,,,,,,,,,,,,,,
4variationblur2717.png,0,0,0,0,0,0,0,0,0,1,0.384895833,-0.119907407,1,0.179947917,-0.107407407,1,-0.2359375,0.223611111,1,0.2,0.029166667,0,0,0
,,,,,,,,,,,,,,,,,,,,,,,,
4variationblur2718.png,0,0,0,0,0,0,0,0,0,1,0.388020833,-0.12962963,1,0.177604167,-0.1125,1,-0.23671875,0.222685185,1,0.20546875,0.023611111,0,0,0
,,,,,,,,,,,,,,,,,,,,,,,,
4variationblur2719.png,0,0,0,0,0,0,0,0,0,1,0.389322917,-0.138425926,1,0.173177083,-0.115277778,0,0,0,1,0.210677083,0.018055556,0,0,0
,,,,,,,,,,,,,,,,,,,,,,,,
4variationblur2720.png,0,0,0,0,0,0,0,0,0,1,0.38984375,-0.149074074,1,0.167708333,-0.118981481,1,-0.1046875,0.195833333,1,0.215364583,0.008333333,0,0,0
,,,,,,,,,,,,,,,,,,,,,,,,
4variationblur2721.png,0,0,0,0,0,0,0,0,0,1,0.38828125,-0.158333333,0,0,0,1,-0.105989583,0.19537037,1,0.219791667,0.002314815,0,0,0
,,,,,,,,,,,,,,,,,,,,,,,,
4variationblur2722.png,0,0,0,0,0,0,0,0,0,1,0.384895833,-0.166666667,0,0,0,0,0,0,1,0.224479167,-0.001851852,0,0,0
,,,,,,,,,,,,,,,,,,,,,,,,
4variationblur2723.png,0,0,0,0,0,0,0,0,0,1,0.380208333,-0.176851852,0,0,0,0,0,0,1,0.229947917,-0.007407407,0,0,0
,,,,,,,,,,,,,,,,,,,,,,,,
4variationblur2724.png,0,0,0,0,0,0,0,0,0,1,0.373177083,-0.185648148,0,0,0,0,0,0,0,0,0,0,0,0
,,,,,,,,,,,,,,,,,,,,,,,,
4variationblur2725.png,0,0,0,0,0,0,0,0,0,1,0.364322917,-0.193981481,0,0,0,1,0.391666667,0.075462963,0,0,0,0,0,0
,,,,,,,,,,,,,,,,,,,,,,,,
4variationblur2726.png,0,0,0,0,0,0,0,0,0,1,0.354166667,-0.202314815,0,0,0,1,0.39375,0.068981481,0,0,0,0,0,0
,,,,,,,,,,,,,,,,,,,,,,,,
4variationblur2727.png,0,0,0,0,0,0,0,0,0,1,0.34140625,-0.209259259,0,0,0,1,0.39375,0.065277778,0,0,0,0,0,0
,,,,,,,,,,,,,,,,,,,,,,,,
4variationblur2728.png,0,0,0,0,0,0,0,0,0,1,0.327083333,-0.215277778,0,0,0,1,0.393229167,0.060648148,0,0,0,0,0,0
,,,,,,,,,,,,,,,,,,,,,,,,
4variationblur2729.png,0,0,0,0,0,0,0,0,0,1,0.311197917,-0.22037037,0,0,0,1,0.391145833,0.057407407,0,0,0,0,0,0
,,,,,,,,,,,,,,,,,,,,,,,,
4variationblur2730.png,0,0,0,0,0,0,0,0,0,1,0.294270833,-0.225462963,0,0,0,0,0,0,0,0,0,0,0,0
,,,,,,,,,,,,,,,,,,,,,,,,
4variationblur2731.png,0,0,0,0,0,0,0,0,0,1,0.27578125,-0.229166667,0,0,0,0,0,0,0,0,0,0,0,0
,,,,,,,,,,,,,,,,,,,,,,,,
4variationblur2732.png,0,0,0,0,0,0,0,0,0,1,0.25625,-0.231018519,0,0,0,0,0,0,0,0,0,0,0,0
,,,,,,,,,,,,,,,,,,,,,,,,
4variationblur2733.png,0,0,0,0,0,0,0,0,0,1,0.236458333,-0.233796296,0,0,0,0,0,0,0,0,0,0,0,0
,,,,,,,,,,,,,,,,,,,,,,,,
4variationblur2734.png,0,0,0,0,0,0,0,0,0,1,0.216145833,-0.234722222,1,0.486458333,-0.393981481,0,0,0,0,0,0,0,0,0
,,,,,,,,,,,,,,,,,,,,,,,,
4variationblur2735.png,0,0,0,0,0,0,0,0,0,1,0.195833333,-0.234722222,1,0.456770833,-0.406944444,0,0,0,0,0,0,0,0,0
,,,,,,,,,,,,,,,,,,,,,,,,
4variationblur2736.png,0,0,0,0,0,0,0,0,0,1,0.176041667,-0.23287037,1,0.417708333,-0.418518519,0,0,0,0,0,0,0,0,0
,,,,,,,,,,,,,,,,,,,,,,,,
4variationblur2737.png,0,0,0,0,0,0,0,0,0,1,0.156510417,-0.230555556,1,0.377864583,-0.427314815,0,0,0,0,0,0,0,0,0
,,,,,,,,,,,,,,,,,,,,,,,,
4variationblur2738.png,0,0,0,0,0,0,0,0,0,1,0.137239583,-0.227314815,1,0.336979167,-0.432407407,0,0,0,0,0,0,0,0,0
,,,,,,,,,,,,,,,,,,,,,,,,
4variationblur2739.png,0,0,0,0,0,0,0,0,0,1,0.119010417,-0.222222222,1,0.29609375,-0.431018519,0,0,0,0,0,0,0,0,0
,,,,,,,,,,,,,,,,,,,,,,,,
4variationblur2740.png,0,0,0,0,0,0,0,0,0,1,0.101302083,-0.218981481,1,0.252604167,-0.426388889,0,0,0,0,0,0,0,0,0
,,,,,,,,,,,,,,,,,,,,,,,,
4variationblur2741.png,0,0,0,0,0,0,0,0,0,0,0,0,1,0.209635417,-0.419907407,0,0,0,0,0,0,0,0,0
,,,,,,,,,,,,,,,,,,,,,,,,
4variationblur2742.png,0,0,0,0,0,0,0,0,0,0,0,0,1,0.1640625,-0.411574074,0,0,0,0,0,0,0,0,0
,,,,,,,,,,,,,,,,,,,,,,,,
4variationblur2743.png,0,0,0,0,0,0,0,0,0,0,0,0,1,0.11875,-0.401388889,0,0,0,0,0,0,0,0,0
,,,,,,,,,,,,,,,,,,,,,,,,
4variationblur2744.png,0,0,0,0,0,0,0,0,0,0,0,0,1,0.073697917,-0.389814815,0,0,0,0,0,0,0,0,0
,,,,,,,,,,,,,,,,,,,,,,,,
4variationblur2745.png,0,0,0,0,0,0,0,0,0,0,0,0,1,0.030989583,-0.37962963,0,0,0,0,0,0,0,0,0
,,,,,,,,,,,,,,,,,,,,,,,,
4variationblur2746.png,0,0,0,0,0,0,0,0,0,0,0,0,1,-0.00859375,-0.369444444,0,0,0,0,0,0,0,0,0
,,,,,,,,,,,,,,,,,,,,,,,,
4variationblur2747.png,0,0,0,0,0,0,0,0,0,0,0,0,1,-0.045833333,-0.358796296,0,0,0,0,0,0,0,0,0
,,,,,,,,,,,,,,,,,,,,,,,,
4variationblur2748.png,0,0,0,0,0,0,0,0,0,0,0,0,1,-0.078645833,-0.347685185,0,0,0,0,0,0,0,0,0
,,,,,,,,,,,,,,,,,,,,,,,,
4variationblur2749.png,0,0,0,0,0,0,0,0,0,0,0,0,1,-0.107291667,-0.335648148,0,0,0,0,0,0,0,0,0
,,,,,,,,,,,,,,,,,,,,,,,,
4variationblur2750.png,0,0,0,0,0,0,0,0,0,0,0,0,1,-0.134895833,-0.320833333,0,0,0,0,0,0,0,0,0
,,,,,,,,,,,,,,,,,,,,,,,,
4variationblur2751.png,0,0,0,0,0,0,0,0,0,0,0,0,1,-0.159895833,-0.303703704,0,0,0,0,0,0,0,0,0
,,,,,,,,,,,,,,,,,,,,,,,,
4variationblur2752.png,0,0,0,0,0,0,0,0,0,0,0,0,1,-0.181770833,-0.286111111,0,0,0,0,0,0,0,0,0
,,,,,,,,,,,,,,,,,,,,,,,,
4variationblur2753.png,0,0,0,0,0,0,0,0,0,0,0,0,1,-0.2015625,-0.26712963,0,0,0,0,0,0,0,0,0
,,,,,,,,,,,,,,,,,,,,,,,,
4variationblur2754.png,0,0,0,0,0,0,0,0,0,0,0,0,1,-0.219270833,-0.248611111,0,0,0,0,0,0,0,0,0
,,,,,,,,,,,,,,,,,,,,,,,,
4variationblur2755.png,0,0,0,0,0,0,0,0,0,0,0,0,1,-0.235677083,-0.231481481,0,0,0,0,0,0,0,0,0
,,,,,,,,,,,,,,,,,,,,,,,,
4variationblur2756.png,0,0,0,0,0,0,0,0,0,0,0,0,1,-0.249479167,-0.215740741,0,0,0,0,0,0,0,0,0
,,,,,,,,,,,,,,,,,,,,,,,,
4variationblur2757.png,0,0,0,0,0,0,0,0,0,0,0,0,1,-0.259895833,-0.202777778,0,0,0,0,0,0,0,0,0
,,,,,,,,,,,,,,,,,,,,,,,,
4variationblur2758.png,0,0,0,0,0,0,0,0,0,0,0,0,1,-0.269010417,-0.189351852,0,0,0,0,0,0,0,0,0
,,,,,,,,,,,,,,,,,,,,,,,,
4variationblur2759.png,0,0,0,0,0,0,0,0,0,0,0,0,1,-0.275,-0.177314815,0,0,0,0,0,0,0,0,0
,,,,,,,,,,,,,,,,,,,,,,,,
4variationblur2760.png,0,0,0,0,0,0,0,0,0,0,0,0,0,0,0,0,0,0,1,-0.279427083,-0.168518519,1,0.279947917,-0.453240741
,,,,,,,,,,,,,,,,,,,,,,,,
4variationblur2761.png,0,0,0,0,0,0,0,0,0,0,0,0,0,0,0,0,0,0,1,-0.281770833,-0.156018519,1,0.2375,-0.451388889
,,,,,,,,,,,,,,,,,,,,,,,,
4variationblur2762.png,0,0,0,0,0,0,0,0,0,0,0,0,0,0,0,0,0,0,1,-0.2828125,-0.144444444,1,0.195833333,-0.444907407
,,,,,,,,,,,,,,,,,,,,,,,,
4variationblur2763.png,0,0,0,0,0,0,0,0,0,0,0,0,0,0,0,0,0,0,1,0.456770833,0.404166667,1,0.153645833,-0.4375
,,,,,,,,,,,,,,,,,,,,,,,,
4variationblur2764.png,0,0,0,0,0,0,0,0,0,0,0,0,0,0,0,0,0,0,0,0,0,1,0.112760417,-0.429166667
,,,,,,,,,,,,,,,,,,,,,,,,
4variationblur2765.png,0,0,0,0,0,0,0,0,0,0,0,0,0,0,0,0,0,0,1,0.4703125,0.388425926,1,0.073697917,-0.415277778
,,,,,,,,,,,,,,,,,,,,,,,,
4variationblur2766.png,0,0,0,0,0,0,0,0,0,0,0,0,0,0,0,0,0,0,1,0.496614583,0.377314815,1,0.034635417,-0.404166667
,,,,,,,,,,,,,,,,,,,,,,,,
4variationblur2767.png,0,0,0,0,0,0,0,0,0,0,0,0,0,0,0,0,0,0,0,0,0,1,-0.00078125,-0.390277778
,,,,,,,,,,,,,,,,,,,,,,,,
4variationblur2768.png,0,0,0,0,0,0,0,0,0,0,0,0,0,0,0,0,0,0,0,0,0,1,-0.034114583,-0.374537037
,,,,,,,,,,,,,,,,,,,,,,,,
4variationblur2769.png,0,0,0,0,0,0,0,0,0,0,0,0,0,0,0,0,0,0,0,0,0,1,-0.065104167,-0.360185185
,,,,,,,,,,,,,,,,,,,,,,,,
4variationblur2770.png,0,0,0,0,0,0,0,0,0,0,0,0,0,0,0,0,0,0,0,0,0,1,-0.092447917,-0.343518519
,,,,,,,,,,,,,,,,,,,,,,,,
4variationblur2771.png,0,0,0,0,0,0,0,0,0,0,0,0,0,0,0,0,0,0,1,0.480208333,0.453703704,1,-0.118489583,-0.326388889
,,,,,,,,,,,,,,,,,,,,,,,,
4variationblur2772.png,0,0,0,0,0,0,0,0,0,0,0,0,0,0,0,0,0,0,1,0.0453125,-0.1125,1,-0.141145833,-0.312037037
,,,,,,,,,,,,,,,,,,,,,,,,
4variationblur2773.png,0,0,0,0,0,0,0,0,0,0,0,0,0,0,0,0,0,0,1,0.038541667,-0.098148148,1,-0.159895833,-0.294444444
,,,,,,,,,,,,,,,,,,,,,,,,
4variationblur2774.png,0,0,0,0,0,0,0,0,0,0,0,0,0,0,0,1,-0.17734375,-0.276851852,1,0.032291667,-0.089814815,1,-0.4140625,0.433333333
,,,,,,,,,,,,,,,,,,,,,,,,
4variationblur2775.png,0,0,0,0,0,0,0,0,0,0,0,0,0,0,0,1,-0.191927083,-0.262037037,1,0.025520833,-0.083796296,1,-0.459114583,0.194444444
,,,,,,,,,,,,,,,,,,,,,,,,
4variationblur2776.png,0,0,0,0,0,0,0,0,0,0,0,0,0,0,0,1,-0.203125,-0.24537037,1,0.020833333,-0.077314815,1,-0.407291667,0.491203704
,,,,,,,,,,,,,,,,,,,,,,,,
4variationblur2777.png,0,0,0,0,0,0,0,0,0,0,0,0,0,0,0,1,0.066145833,-0.291203704,1,0.016927083,-0.07037037,1,-0.402864583,0.433333333
,,,,,,,,,,,,,,,,,,,,,,,,
4variationblur2778.png,0,0,0,0,0,0,0,0,0,0,0,0,1,0.14375,-0.087962963,1,0.051302083,-0.281481481,1,0.01328125,-0.064814815,1,-0.405208333,0.360648148
,,,,,,,,,,,,,,,,,,,,,,,,
4variationblur2779.png,0,0,0,0,0,0,0,0,0,0,0,0,1,0.147916667,-0.081018519,1,0.037760417,-0.269907407,1,0.011458333,-0.058333333,1,-0.40546875,0.359722222
,,,,,,,,,,,,,,,,,,,,,,,,
4variationblur2780.png,0,0,0,0,0,0,0,0,0,0,0,0,1,0.15078125,-0.072222222,1,0.026302083,-0.259722222,1,0.010416667,-0.052777778,1,-0.405989583,0.385185185
,,,,,,,,,,,,,,,,,,,,,,,,
4variationblur2781.png,0,0,0,0,0,0,0,0,0,0,0,0,1,0.153125,-0.070833333,1,0.0171875,-0.248148148,1,0.009895833,-0.045833333,1,-0.2265625,-0.174074074
,,,,,,,,,,,,,,,,,,,,,,,,
4variationblur2782.png,0,0,0,0,0,0,0,0,0,0,0,0,1,0.15703125,-0.066203704,1,0.009635417,-0.236574074,1,0.010677083,-0.040740741,1,-0.398958333,0.427777778
,,,,,,,,,,,,,,,,,,,,,,,,
4variationblur2783.png,0,0,0,0,0,0,0,0,0,0,0,0,1,0.16015625,-0.065277778,1,0.004166667,-0.225,1,0.011979167,-0.035648148,1,-0.398958333,0.427777778
,,,,,,,,,,,,,,,,,,,,,,,,
4variationblur2784.png,0,0,0,0,0,0,0,0,0,0,0,0,1,0.1640625,-0.062037037,1,0.000520833,-0.214351852,1,0.014322917,-0.031018519,1,-0.398958333,0.428240741
,,,,,,,,,,,,,,,,,,,,,,,,
4variationblur2785.png,0,0,0,0,0,0,0,0,0,0,0,0,1,0.168489583,-0.059722222,1,-0.00234375,-0.203240741,1,0.0171875,-0.027314815,1,-0.40703125,0.492592593
,,,,,,,,,,,,,,,,,,,,,,,,
4variationblur2786.png,0,0,0,0,0,0,0,0,0,0,0,0,1,0.17265625,-0.056481481,1,-0.00390625,-0.193981481,1,0.020572917,-0.023611111,1,-0.223958333,0.22037037
,,,,,,,,,,,,,,,,,,,,,,,,
4variationblur2787.png,0,0,0,0,0,0,0,0,0,0,0,0,1,0.177604167,-0.05462963,1,-0.004427083,-0.183796296,1,0.024479167,-0.018981481,1,-0.223697917,0.22037037
,,,,,,,,,,,,,,,,,,,,,,,,
4variationblur2788.png,0,0,0,0,0,0,0,0,0,0,0,0,1,0.1828125,-0.052777778,1,-0.003645833,-0.173611111,1,0.029166667,-0.014814815,1,-0.47890625,0.181944444
,,,,,,,,,,,,,,,,,,,,,,,,
4variationblur2789.png,0,0,0,0,0,0,0,0,0,0,0,0,1,0.18828125,-0.05,1,-0.002604167,-0.163888889,1,0.034375,-0.010648148,1,-0.436458333,0.238425926
,,,,,,,,,,,,,,,,,,,,,,,,
4variationblur2790.png,0,0,0,0,0,0,0,0,0,0,0,0,1,0.194270833,-0.047685185,1,-0.00078125,-0.155555556,1,0.039583333,-0.006944444,1,-0.436458333,0.238425926
,,,,,,,,,,,,,,,,,,,,,,,,
4variationblur2791.png,0,0,0,0,0,0,0,0,0,0,0,0,1,0.200520833,-0.045833333,1,0.001302083,-0.146759259,1,0.045052083,-0.002777778,1,-0.054166667,0.183333333
,,,,,,,,,,,,,,,,,,,,,,,,
4variationblur2792.png,0,0,0,0,0,0,0,0,0,0,0,0,1,0.207291667,-0.043518519,1,0.003645833,-0.138425926,1,0.051302083,0.000462963,1,-0.1609375,0.214351852
,,,,,,,,,,,,,,,,,,,,,,,,
4variationblur2793.png,0,0,0,0,0,0,0,0,0,0,0,0,1,0.213802083,-0.041666667,1,0.006770833,-0.131481481,1,0.057552083,0.004166667,1,-0.402083333,0.478703704
,,,,,,,,,,,,,,,,,,,,,,,,
4variationblur2794.png,0,0,0,0,0,0,0,0,0,0,0,0,1,0.220572917,-0.039814815,1,0.01015625,-0.123611111,1,0.063802083,0.00787037,1,-0.034375,0.188425926
,,,,,,,,,,,,,,,,,,,,,,,,
4variationblur2795.png,0,0,0,0,0,0,0,0,0,0,0,0,1,0.227604167,-0.038425926,1,0.013802083,-0.116203704,1,0.070572917,0.012037037,1,-0.138541667,-0.048611111
,,,,,,,,,,,,,,,,,,,,,,,,
4variationblur2796.png,0,0,0,0,0,0,0,0,0,0,0,0,1,0.23515625,-0.036574074,1,0.01796875,-0.110185185,1,0.077604167,0.014351852,1,-0.1296875,-0.04212963
,,,,,,,,,,,,,,,,,,,,,,,,
4variationblur2797.png,0,0,0,0,0,0,0,0,0,0,0,0,1,0.242708333,-0.034722222,1,0.022135417,-0.103703704,1,0.084895833,0.016666667,1,-0.1203125,-0.036574074
,,,,,,,,,,,,,,,,,,,,,,,,
4variationblur2798.png,0,0,0,0,0,0,0,0,0,0,0,0,1,0.250520833,-0.033333333,1,0.027083333,-0.097685185,1,0.092447917,0.018981481,1,-0.1109375,-0.031944444
,,,,,,,,,,,,,,,,,,,,,,,,
4variationblur2799.png,0,0,0,0,0,0,0,0,0,0,0,0,1,0.25859375,-0.031481481,1,0.032291667,-0.091203704,1,0.1,0.021759259,1,-0.1015625,-0.026851852
,,,,,,,,,,,,,,,,,,,,,,,,
4variationblur2800.png,0,0,0,0,0,0,0,0,0,0,0,0,1,0.266145833,-0.030555556,1,0.037239583,-0.086574074,1,0.107552083,0.023611111,1,-0.092447917,-0.022685185
,,,,,,,,,,,,,,,,,,,,,,,,
4variationblur2801.png,0,0,0,0,0,0,0,0,0,0,0,0,1,0.274479167,-0.029166667,1,0.043229167,-0.081018519,1,0.115625,0.026388889,1,-0.0828125,-0.017592593
,,,,,,,,,,,,,,,,,,,,,,,,
4variationblur2802.png,0,0,0,0,0,0,0,0,0,0,0,0,1,0.2828125,-0.027777778,1,0.049479167,-0.076388889,1,0.123177083,0.028703704,1,-0.07265625,-0.013425926
,,,,,,,,,,,,,,,,,,,,,,,,
4variationblur2803.png,0,0,0,0,0,0,0,0,0,0,0,0,1,0.290885417,-0.025925926,1,0.057291667,-0.072222222,1,0.131770833,0.02962963,1,-0.0625,-0.010648148
,,,,,,,,,,,,,,,,,,,,,,,,
4variationblur2804.png,0,0,0,0,0,0,0,0,0,0,0,0,1,0.29921875,-0.024074074,1,0.066145833,-0.067592593,1,0.140625,0.032407407,1,-0.05234375,-0.006018519
,,,,,,,,,,,,,,,,,,,,,,,,
4variationblur2805.png,0,0,0,0,0,0,0,0,0,0,0,0,1,0.307552083,-0.022685185,1,0.07578125,-0.065277778,1,0.149479167,0.033333333,1,-0.041145833,-0.003703704
,,,,,,,,,,,,,,,,,,,,,,,,
4variationblur2806.png,0,0,0,0,0,0,0,0,0,0,0,0,1,0.315885417,-0.018518519,1,0.086979167,-0.063425926,1,0.159375,0.035185185,0,0,0
,,,,,,,,,,,,,,,,,,,,,,,,
4variationblur2807.png,0,0,0,0,0,0,0,0,0,0,0,0,1,0.324479167,-0.015740741,1,0.099739583,-0.061111111,1,0.169791667,0.036574074,1,-0.4421875,0.205092593
,,,,,,,,,,,,,,,,,,,,,,,,
4variationblur2808.png,0,0,0,0,0,0,0,0,0,0,0,0,1,0.333072917,-0.012962963,1,0.115104167,-0.060185185,1,0.180208333,0.038425926,1,-0.4421875,0.205555556
,,,,,,,,,,,,,,,,,,,,,,,,
4variationblur2809.png,0,0,0,0,0,0,0,0,0,0,0,0,1,0.34140625,-0.009722222,1,0.13125,-0.059259259,1,0.19140625,0.039814815,0,0,0
,,,,,,,,,,,,,,,,,,,,,,,,
4variationblur2810.png,0,0,0,0,0,0,0,0,0,0,0,0,1,0.348697917,-0.006944444,1,0.149739583,-0.058796296,1,0.202864583,0.040740741,0,0,0
,,,,,,,,,,,,,,,,,,,,,,,,
4variationblur2811.png,0,0,0,0,0,0,0,0,0,0,0,0,1,0.355989583,-0.003240741,1,0.17109375,-0.056944444,1,0.21484375,0.042592593,0,0,0
,,,,,,,,,,,,,,,,,,,,,,,,
4variationblur2812.png,0,0,0,0,0,0,0,0,0,0,0,0,1,0.3609375,0,1,0.192447917,-0.056481481,1,0.226041667,0.043981481,0,0,0
,,,,,,,,,,,,,,,,,,,,,,,,
4variationblur2813.png,0,0,0,0,0,0,0,0,0,0,0,0,1,0.365364583,0.002314815,1,0.21484375,-0.05462963,1,0.238020833,0.048611111,0,0,0
,,,,,,,,,,,,,,,,,,,,,,,,
4variationblur2814.png,0,0,0,0,0,0,0,0,0,0,0,0,1,0.367708333,0.006481481,1,0.240364583,-0.053240741,1,0.251041667,0.056018519,1,0.241145833,-0.047222222
,,,,,,,,,,,,,,,,,,,,,,,,
4variationblur2815.png,0,0,0,0,0,0,0,0,0,0,0,0,1,0.369010417,0.011111111,1,0.2671875,-0.050925926,1,0.2609375,0.059259259,0,0,0
,,,,,,,,,,,,,,,,,,,,,,,,
4variationblur2816.png,0,0,0,0,0,0,0,0,0,0,0,0,1,0.369010417,0.01712963,0,0,0,0,0,0,0,0,0
,,,,,,,,,,,,,,,,,,,,,,,,
4variationblur2817.png,0,0,0,0,0,0,0,0,0,0,0,0,1,0.368229167,0.026388889,1,0.148958333,-0.002777778,1,0.279427083,0.05462963,1,0.149479167,-0.000462963
,,,,,,,,,,,,,,,,,,,,,,,,
4variationblur2818.png,0,0,0,0,0,0,0,0,0,0,0,0,0,0,0,1,0.169791667,-0.005092593,1,0.287760417,0.05462963,0,0,0
,,,,,,,,,,,,,,,,,,,,,,,,
4variationblur2819.png,0,0,0,0,0,0,0,0,0,0,0,0,0,0,0,1,0.190364583,-0.00462963,0,0,0,1,-0.38828125,0.224074074
,,,,,,,,,,,,,,,,,,,,,,,,
4variationblur2820.png,0,0,0,0,0,0,1,0.127864583,0.355092593,0,0,0,0,0,0,0,0,0,0,0,0,1,0.21171875,-0.005555556
,,,,,,,,,,,,,,,,,,,,,,,,
4variationblur2821.png,0,0,0,0,0,0,1,0.12734375,0.356018519,0,0,0,0,0,0,0,0,0,0,0,0,1,0.232552083,-0.006018519
,,,,,,,,,,,,,,,,,,,,,,,,
4variationblur2822.png,0,0,0,0,0,0,1,0.127083333,0.355092593,0,0,0,0,0,0,0,0,0,0,0,0,1,0.252604167,-0.00462963
,,,,,,,,,,,,,,,,,,,,,,,,
4variationblur2823.png,0,0,0,0,0,0,1,0.1265625,0.353240741,0,0,0,0,0,0,0,0,0,0,0,0,1,0.271614583,-0.002314815
,,,,,,,,,,,,,,,,,,,,,,,,
4variationblur2824.png,0,0,0,0,0,0,1,0.126302083,0.352777778,0,0,0,0,0,0,0,0,0,0,0,0,1,0.28984375,-0.001388889
,,,,,,,,,,,,,,,,,,,,,,,,
4variationblur2825.png,1,0.096614583,0.085648148,0,0,0,1,0.1265625,0.353240741,0,0,0,0,0,0,0,0,0,0,0,0,1,0.30625,-0.000925926
,,,,,,,,,,,,,,,,,,,,,,,,
4variationblur2826.png,1,0.093489583,0.086111111,0,0,0,0,0,0,0,0,0,0,0,0,0,0,0,0,0,0,1,0.321614583,0.001851852
,,,,,,,,,,,,,,,,,,,,,,,,
4variationblur2827.png,1,0.09140625,0.085185185,0,0,0,1,-0.384895833,0.223148148,0,0,0,0,0,0,0,0,0,0,0,0,1,0.3359375,0.004166667
,,,,,,,,,,,,,,,,,,,,,,,,
4variationblur2828.png,1,0.089583333,0.084259259,0,0,0,1,0.198697917,0.086574074,0,0,0,0,0,0,0,0,0,0,0,0,1,0.348177083,0.007407407
,,,,,,,,,,,,,,,,,,,,,,,,
4variationblur2829.png,1,0.088541667,0.083796296,0,0,0,1,-0.479427083,0.186574074,0,0,0,0,0,0,0,0,0,0,0,0,1,0.3578125,0.011111111
,,,,,,,,,,,,,,,,,,,,,,,,
4variationblur2830.png,1,0.088802083,0.081481481,0,0,0,1,0.209895833,0.089351852,0,0,0,0,0,0,0,0,0,0,0,0,1,0.366145833,0.014351852
,,,,,,,,,,,,,,,,,,,,,,,,
4variationblur2831.png,1,0.089322917,0.080092593,0,0,0,1,0.12578125,0.356018519,0,0,0,0,0,0,0,0,0,0,0,0,1,0.37265625,0.018518519
,,,,,,,,,,,,,,,,,,,,,,,,
4variationblur2832.png,1,0.090885417,0.077314815,0,0,0,1,0.219791667,0.090277778,0,0,0,0,0,0,0,0,0,0,0,0,1,0.377604167,0.023148148
,,,,,,,,,,,,,,,,,,,,,,,,
4variationblur2833.png,1,0.093489583,0.075462963,0,0,0,1,0.224479167,0.090740741,0,0,0,0,0,0,0,0,0,0,0,0,1,0.379947917,0.026388889
,,,,,,,,,,,,,,,,,,,,,,,,
4variationblur2834.png,1,0.32734375,0.005555556,1,0.326822917,0.007407407,0,0,0,0,0,0,0,0,0,0,0,0,0,0,0,1,0.228125,0.09212963
,,,,,,,,,,,,,,,,,,,,,,,,
4variationblur2835.png,1,0.1,0.07037037,1,0.339322917,0.009259259,0,0,0,0,0,0,0,0,0,0,0,0,0,0,0,1,0.23203125,0.092592593
,,,,,,,,,,,,,,,,,,,,,,,,
4variationblur2836.png,1,0.1046875,0.067592593,1,0.34921875,0.011111111,0,0,0,0,0,0,0,0,0,0,0,0,0,0,0,1,0.235416667,0.092592593
,,,,,,,,,,,,,,,,,,,,,,,,
4variationblur2837.png,1,0.109114583,0.065740741,1,0.3578125,0.015277778,0,0,0,0,0,0,0,0,0,0,0,0,0,0,0,1,0.23828125,0.093981481
,,,,,,,,,,,,,,,,,,,,,,,,
4variationblur2838.png,1,0.114322917,0.063425926,1,0.36484375,0.018518519,0,0,0,0,0,0,0,0,0,0,0,0,0,0,0,1,0.240625,0.094444444
,,,,,,,,,,,,,,,,,,,,,,,,
4variationblur2839.png,1,0.1203125,0.061111111,1,0.369791667,0.021296296,1,0.124479167,0.355555556,0,0,0,0,0,0,0,0,0,0,0,0,1,0.242447917,0.09537037
,,,,,,,,,,,,,,,,,,,,,,,,
4variationblur2840.png,1,0.125520833,0.059259259,1,0.373177083,0.025925926,0,0,0,0,0,0,0,0,0,0,0,0,0,0,0,1,0.24375,0.097222222
,,,,,,,,,,,,,,,,,,,,,,,,
4variationblur2841.png,1,0.13125,0.057407407,1,0.374479167,0.02962963,0,0,0,0,0,0,0,0,0,0,0,0,0,0,0,1,0.24453125,0.098148148
,,,,,,,,,,,,,,,,,,,,,,,,
4variationblur2842.png,1,0.136458333,0.056944444,1,0.373958333,0.032407407,0,0,0,0,0,0,0,0,0,0,0,0,0,0,0,1,0.24375,0.099074074
,,,,,,,,,,,,,,,,,,,,,,,,
4variationblur2843.png,1,0.13984375,0.056018519,1,0.371875,0.036574074,0,0,0,0,0,0,0,0,0,0,0,0,0,0,0,1,0.2421875,0.100925926
,,,,,,,,,,,,,,,,,,,,,,,,
4variationblur2844.png,1,0.1421875,0.056018519,1,0.36875,0.039814815,1,0.191927083,0.063425926,0,0,0,0,0,0,0,0,0,0,0,0,1,0.240104167,0.101851852
,,,,,,,,,,,,,,,,,,,,,,,,
4variationblur2845.png,1,0.14375,0.056481481,1,0.364583333,0.042592593,0,0,0,0,0,0,0,0,0,0,0,0,0,0,0,1,0.236979167,0.103240741
,,,,,,,,,,,,,,,,,,,,,,,,
4variationblur2846.png,1,0.143229167,0.057407407,1,0.359635417,0.04537037,0,0,0,0,0,0,0,0,0,0,0,0,0,0,0,1,0.23359375,0.104166667
,,,,,,,,,,,,,,,,,,,,,,,,
4variationblur2847.png,1,0.141666667,0.05787037,1,0.354947917,0.047222222,1,0.123177083,0.356944444,0,0,0,0,0,0,0,0,0,0,0,0,1,0.229166667,0.105092593
,,,,,,,,,,,,,,,,,,,,,,,,
4variationblur2848.png,1,0.138541667,0.058796296,1,0.348958333,0.048611111,0,0,0,0,0,0,0,0,0,0,0,0,0,0,0,1,0.224479167,0.106018519
,,,,,,,,,,,,,,,,,,,,,,,,
4variationblur2849.png,1,0.134375,0.059722222,1,0.34296875,0.050462963,1,0.12265625,0.355555556,0,0,0,0,0,0,0,0,0,0,0,0,1,0.219010417,0.106944444
,,,,,,,,,,,,,,,,,,,,,,,,
4variationblur2850.png,1,0.12890625,0.061574074,1,0.33671875,0.052314815,1,0.213020833,0.108333333,0,0,0,0,0,0,0,0,0,0,0,0,0,0,0
,,,,,,,,,,,,,,,,,,,,,,,,
4variationblur2851.png,1,0.329947917,0.055555556,1,0.329427083,0.053240741,1,0.206770833,0.108796296,0,0,0,0,0,0,0,0,0,0,0,0,0,0,0
,,,,,,,,,,,,,,,,,,,,,,,,
4variationblur2852.png,1,0.115104167,0.063888889,1,0.322135417,0.05462963,1,0.199479167,0.109722222,0,0,0,0,0,0,0,0,0,0,0,0,0,0,0
,,,,,,,,,,,,,,,,,,,,,,,,
4variationblur2853.png,1,0.106770833,0.065277778,1,0.314583333,0.055555556,1,0.1921875,0.110185185,0,0,0,0,0,0,0,0,0,0,0,0,0,0,0
,,,,,,,,,,,,,,,,,,,,,,,,
4variationblur2854.png,1,0.098177083,0.065740741,1,0.306770833,0.055555556,1,0.184114583,0.111111111,0,0,0,0,0,0,0,0,0,0,0,0,0,0,0
,,,,,,,,,,,,,,,,,,,,,,,,
4variationblur2855.png,1,0.08828125,0.066203704,1,0.2984375,0.056481481,1,0.176041667,0.111574074,0,0,0,0,0,0,0,0,0,0,0,0,0,0,0
,,,,,,,,,,,,,,,,,,,,,,,,
4variationblur2856.png,1,0.078645833,0.066203704,1,0.289583333,0.056944444,1,0.166927083,0.112037037,0,0,0,0,0,0,0,0,0,0,0,0,0,0,0
,,,,,,,,,,,,,,,,,,,,,,,,
4variationblur2857.png,1,0.068489583,0.066666667,1,0.280208333,0.05787037,1,0.158072917,0.112962963,0,0,0,0,0,0,0,0,0,0,0,0,0,0,0
,,,,,,,,,,,,,,,,,,,,,,,,
4variationblur2858.png,1,0.058072917,0.066666667,1,0.270833333,0.059259259,1,0.148958333,0.113888889,0,0,0,0,0,0,0,0,0,0,0,0,0,0,0
,,,,,,,,,,,,,,,,,,,,,,,,
4variationblur2859.png,1,0.047395833,0.066666667,1,0.2609375,0.059259259,1,0.1390625,0.114351852,0,0,0,0,0,0,0,0,0,0,0,0,0,0,0
,,,,,,,,,,,,,,,,,,,,,,,,
4variationblur2860.png,1,0.036197917,0.06712963,1,0.251041667,0.060185185,1,0.129166667,0.115277778,0,0,0,0,0,0,0,0,0,0,0,0,0,0,0
,,,,,,,,,,,,,,,,,,,,,,,,
4variationblur2861.png,1,0.025520833,0.06712963,1,0.240885417,0.060185185,1,0.119010417,0.115277778,0,0,0,0,0,0,0,0,0,0,0,0,0,0,0
,,,,,,,,,,,,,,,,,,,,,,,,
4variationblur2862.png,1,0.0140625,0.06712963,1,0.23046875,0.060648148,1,0.10859375,0.115740741,0,0,0,0,0,0,0,0,0,0,0,0,0,0,0
,,,,,,,,,,,,,,,,,,,,,,,,
4variationblur2863.png,1,0.00234375,0.06712963,1,0.219270833,0.061574074,1,0.09765625,0.116203704,0,0,0,0,0,0,0,0,0,0,0,0,0,0,0
,,,,,,,,,,,,,,,,,,,,,,,,
4variationblur2864.png,1,-0.009375,0.06712963,1,0.20859375,0.062037037,1,0.08671875,0.11712963,0,0,0,0,0,0,0,0,0,0,0,0,0,0,0
,,,,,,,,,,,,,,,,,,,,,,,,
4variationblur2865.png,1,-0.02109375,0.068055556,1,0.197395833,0.0625,1,0.075520833,0.117592593,0,0,0,0,0,0,0,0,0,0,0,0,0,0,0
,,,,,,,,,,,,,,,,,,,,,,,,
4variationblur2866.png,1,-0.0328125,0.068055556,1,0.186197917,0.062962963,1,0.064583333,0.118055556,0,0,0,0,0,0,0,0,0,0,0,0,0,0,0
,,,,,,,,,,,,,,,,,,,,,,,,
4variationblur2867.png,1,-0.045052083,0.068981481,1,0.175260417,0.062962963,1,0.053125,0.118518519,0,0,0,0,0,0,0,0,0,0,0,0,0,0,0
,,,,,,,,,,,,,,,,,,,,,,,,
4variationblur2868.png,1,-0.058072917,0.07037037,1,0.163802083,0.062962963,1,0.041927083,0.118981481,0,0,0,0,0,0,0,0,0,0,0,0,0,0,0
,,,,,,,,,,,,,,,,,,,,,,,,
4variationblur2869.png,1,-0.070572917,0.070833333,1,0.152083333,0.063425926,1,0.030208333,0.119444444,0,0,0,0,0,0,0,0,0,0,0,0,0,0,0
,,,,,,,,,,,,,,,,,,,,,,,,
4variationblur2870.png,1,-0.083333333,0.071759259,1,0.140885417,0.063888889,1,0.019010417,0.12037037,0,0,0,0,0,0,0,0,0,0,0,0,0,0,0
,,,,,,,,,,,,,,,,,,,,,,,,
4variationblur2871.png,1,-0.096614583,0.072685185,1,0.129166667,0.064351852,1,0.007291667,0.120833333,0,0,0,0,0,0,0,0,0,0,0,0,0,0,0
,,,,,,,,,,,,,,,,,,,,,,,,
4variationblur2872.png,1,-0.11015625,0.074074074,1,0.117447917,0.064814815,1,-0.004427083,0.121296296,0,0,0,0,0,0,0,0,0,0,0,0,0,0,0
,,,,,,,,,,,,,,,,,,,,,,,,
4variationblur2873.png,1,-0.123958333,0.074537037,1,0.105989583,0.065277778,1,-0.01640625,0.121296296,0,0,0,0,0,0,0,0,0,0,0,0,0,0,0
,,,,,,,,,,,,,,,,,,,,,,,,
4variationblur2874.png,1,-0.13828125,0.075462963,1,0.094270833,0.065740741,1,-0.028645833,0.122222222,0,0,0,0,0,0,0,0,0,0,0,0,0,0,0
,,,,,,,,,,,,,,,,,,,,,,,,
4variationblur2875.png,1,-0.153385417,0.076388889,1,0.08203125,0.066203704,1,-0.040625,0.122222222,0,0,0,0,0,0,0,0,0,0,0,0,0,0,0
,,,,,,,,,,,,,,,,,,,,,,,,
4variationblur2876.png,1,-0.16953125,0.076851852,1,0.06953125,0.066666667,1,-0.053645833,0.123148148,0,0,0,0,0,0,0,0,0,0,0,0,0,0,0
,,,,,,,,,,,,,,,,,,,,,,,,
4variationblur2877.png,1,-0.186197917,0.077314815,1,0.056510417,0.066203704,1,-0.066927083,0.124074074,0,0,0,0,0,0,0,0,0,0,0,0,0,0,0
,,,,,,,,,,,,,,,,,,,,,,,,
4variationblur2878.png,1,-0.202864583,0.078240741,1,0.0421875,0.066203704,1,-0.079947917,0.125,0,0,0,0,0,0,0,0,0,0,0,0,0,0,0
,,,,,,,,,,,,,,,,,,,,,,,,
4variationblur2879.png,1,-0.219791667,0.078703704,1,0.028125,0.065277778,1,-0.094010417,0.125,0,0,0,0,0,0,0,0,0,0,0,0,0,0,0
,,,,,,,,,,,,,,,,,,,,,,,,
4variationblur2880.png,1,-0.237239583,0.07962963,1,0.012760417,0.064814815,0,0,0,0,0,0,0,0,0,0,0,0,0,0,0,1,-0.106770833,0.125925926
,,,,,,,,,,,,,,,,,,,,,,,,
4variationblur2881.png,1,-0.2546875,0.081018519,1,-0.002604167,0.064814815,0,0,0,0,0,0,0,0,0,0,0,0,0,0,0,1,-0.12109375,0.126851852
,,,,,,,,,,,,,,,,,,,,,,,,
4variationblur2882.png,1,-0.270572917,0.083333333,1,-0.019270833,0.063888889,0,0,0,0,0,0,0,0,0,0,0,0,0,0,0,1,-0.13515625,0.128703704
,,,,,,,,,,,,,,,,,,,,,,,,
4variationblur2883.png,1,-0.286979167,0.086111111,1,-0.036197917,0.062962963,0,0,0,0,0,0,0,0,0,0,0,0,0,0,0,1,-0.149479167,0.129166667
,,,,,,,,,,,,,,,,,,,,,,,,
4variationblur2884.png,1,-0.302604167,0.089814815,1,-0.054166667,0.0625,0,0,0,0,0,0,0,0,0,0,0,0,0,0,0,1,-0.164322917,0.130555556
,,,,,,,,,,,,,,,,,,,,,,,,
4variationblur2885.png,1,-0.319010417,0.094444444,1,-0.0734375,0.0625,0,0,0,0,0,0,0,0,0,0,0,0,0,0,0,1,-0.17890625,0.131481481
,,,,,,,,,,,,,,,,,,,,,,,,
4variationblur2886.png,1,-0.334375,0.097685185,1,-0.09375,0.0625,0,0,0,0,0,0,0,0,0,0,0,0,0,0,0,1,-0.19375,0.13287037
,,,,,,,,,,,,,,,,,,,,,,,,
4variationblur2887.png,1,-0.3484375,0.102777778,0,0,0,0,0,0,0,0,0,0,0,0,0,0,0,0,0,0,1,-0.20859375,0.134259259
,,,,,,,,,,,,,,,,,,,,,,,,
4variationblur2888.png,1,-0.36328125,0.106944444,0,0,0,0,0,0,0,0,0,0,0,0,0,0,0,0,0,0,1,-0.222916667,0.135648148
,,,,,,,,,,,,,,,,,,,,,,,,
4variationblur2889.png,1,-0.37578125,0.110185185,0,0,0,0,0,0,0,0,0,0,0,0,0,0,0,0,0,0,1,-0.08984375,0.090277778
,,,,,,,,,,,,,,,,,,,,,,,,
4variationblur2890.png,1,-0.386979167,0.112962963,0,0,0,0,0,0,0,0,0,0,0,0,0,0,0,0,0,0,1,-0.102604167,0.090740741
,,,,,,,,,,,,,,,,,,,,,,,,
4variationblur2891.png,1,-0.396614583,0.115277778,0,0,0,0,0,0,0,0,0,0,0,0,0,0,0,0,0,0,1,-0.1171875,0.091203704
,,,,,,,,,,,,,,,,,,,,,,,,
4variationblur2892.png,1,-0.405208333,0.118055556,0,0,0,0,0,0,0,0,0,0,0,0,0,0,0,0,0,0,1,-0.131770833,0.090740741
,,,,,,,,,,,,,,,,,,,,,,,,
4variationblur2893.png,1,-0.41171875,0.120833333,0,0,0,0,0,0,0,0,0,0,0,0,0,0,0,0,0,0,1,-0.146614583,0.090740741
,,,,,,,,,,,,,,,,,,,,,,,,
4variationblur2894.png,1,-0.4171875,0.124537037,0,0,0,0,0,0,0,0,0,0,0,0,0,0,0,0,0,0,1,-0.162760417,0.091203704
,,,,,,,,,,,,,,,,,,,,,,,,
4variationblur2895.png,1,-0.421614583,0.128240741,0,0,0,0,0,0,0,0,0,0,0,0,0,0,0,0,0,0,1,-0.177864583,0.091666667
,,,,,,,,,,,,,,,,,,,,,,,,
4variationblur2896.png,1,-0.42421875,0.132407407,0,0,0,0,0,0,0,0,0,0,0,0,0,0,0,0,0,0,1,-0.193229167,0.092592593
,,,,,,,,,,,,,,,,,,,,,,,,
4variationblur2897.png,1,-0.426041667,0.135185185,0,0,0,0,0,0,0,0,0,0,0,0,0,0,0,0,0,0,1,-0.20859375,0.093518519
,,,,,,,,,,,,,,,,,,,,,,,,
4variationblur2898.png,1,-0.427604167,0.138425926,0,0,0,0,0,0,0,0,0,0,0,0,0,0,0,0,0,0,1,-0.223958333,0.093518519
,,,,,,,,,,,,,,,,,,,,,,,,
4variationblur2899.png,1,-0.427864583,0.147222222,0,0,0,0,0,0,0,0,0,0,0,0,0,0,0,0,0,0,1,-0.23828125,0.09537037
,,,,,,,,,,,,,,,,,,,,,,,,
,,,,,,,,,,,,,,,,,,,,,,,,
,,,,,,,,,,,,,,,,,,,,,,,,
,,,,,,,,,,,,,,,,,,,,,,,,
,,,,,,,,,,,,,,,,,,,,,,,,
,,,,,,,,,,,,,,,,,,,,,,,,
,,,,,,,,,,,,,,,,,,,,,,,,
,,,,,,,,,,,,,,,,,,,,,,,,
,,,,,,,,,,,,,,,,,,,,,,,,
,,,,,,,,,,,,,,,,,,,,,,,,
,,,,,,,,,,,,,,,,,,,,,,,,
,,,,,,,,,,,,,,,,,,,,,,,,
,,,,,,,,,,,,,,,,,,,,,,,,
,,,,,,,,,,,,,,,,,,,,,,,,
,,,,,,,,,,,,,,,,,,,,,,,,
,,,,,,,,,,,,,,,,,,,,,,,,
,,,,,,,,,,,,,,,,,,,,,,,,
,,,,,,,,,,,,,,,,,,,,,,,,
,,,,,,,,,,,,,,,,,,,,,,,,
,,,,,,,,,,,,,,,,,,,,,,,,
,,,,,,,,,,,,,,,,,,,,,,,,
,,,,,,,,,,,,,,,,,,,,,,,,
,,,,,,,,,,,,,,,,,,,,,,,,
,,,,,,,,,,,,,,,,,,,,,,,,
,,,,,,,,,,,,,,,,,,,,,,,,
,,,,,,,,,,,,,,,,,,,,,,,,
,,,,,,,,,,,,,,,,,,,,,,,,
,,,,,,,,,,,,,,,,,,,,,,,,
,,,,,,,,,,,,,,,,,,,,,,,,
,,,,,,,,,,,,,,,,,,,,,,,,
,,,,,,,,,,,,,,,,,,,,,,,,
,,,,,,,,,,,,,,,,,,,,,,,,
,,,,,,,,,,,,,,,,,,,,,,,,
,,,,,,,,,,,,,,,,,,,,,,,,
,,,,,,,,,,,,,,,,,,,,,,,,
,,,,,,,,,,,,,,,,,,,,,,,,
,,,,,,,,,,,,,,,,,,,,,,,,
,,,,,,,,,,,,,,,,,,,,,,,,
,,,,,,,,,,,,,,,,,,,,,,,,
,,,,,,,,,,,,,,,,,,,,,,,,
,,,,,,,,,,,,,,,,,,,,,,,,
,,,,,,,,,,,,,,,,,,,,,,,,
,,,,,,,,,,,,,,,,,,,,,,,,
,,,,,,,,,,,,,,,,,,,,,,,,
,,,,,,,,,,,,,,,,,,,,,,,,
,,,,,,,,,,,,,,,,,,,,,,,,
,,,,,,,,,,,,,,,,,,,,,,,,
,,,,,,,,,,,,,,,,,,,,,,,,
,,,,,,,,,,,,,,,,,,,,,,,,
,,,,,,,,,,,,,,,,,,,,,,,,
,,,,,,,,,,,,,,,,,,,,,,,,
,,,,,,,,,,,,,,,,,,,,,,,,
,,,,,,,,,,,,,,,,,,,,,,,,
,,,,,,,,,,,,,,,,,,,,,,,,
,,,,,,,,,,,,,,,,,,,,,,,,
,,,,,,,,,,,,,,,,,,,,,,,,
,,,,,,,,,,,,,,,,,,,,,,,,
,,,,,,,,,,,,,,,,,,,,,,,,
,,,,,,,,,,,,,,,,,,,,,,,,
,,,,,,,,,,,,,,,,,,,,,,,,
,,,,,,,,,,,,,,,,,,,,,,,,
,,,,,,,,,,,,,,,,,,,,,,,,
,,,,,,,,,,,,,,,,,,,,,,,,
,,,,,,,,,,,,,,,,,,,,,,,,
,,,,,,,,,,,,,,,,,,,,,,,,
,,,,,,,,,,,,,,,,,,,,,,,,
,,,,,,,,,,,,,,,,,,,,,,,,
,,,,,,,,,,,,,,,,,,,,,,,,
,,,,,,,,,,,,,,,,,,,,,,,,
,,,,,,,,,,,,,,,,,,,,,,,,
,,,,,,,,,,,,,,,,,,,,,,,,
,,,,,,,,,,,,,,,,,,,,,,,,
,,,,,,,,,,,,,,,,,,,,,,,,
,,,,,,,,,,,,,,,,,,,,,,,,
,,,,,,,,,,,,,,,,,,,,,,,,
,,,,,,,,,,,,,,,,,,,,,,,,
,,,,,,,,,,,,,,,,,,,,,,,,
,,,,,,,,,,,,,,,,,,,,,,,,
,,,,,,,,,,,,,,,,,,,,,,,,
,,,,,,,,,,,,,,,,,,,,,,,,
,,,,,,,,,,,,,,,,,,,,,,,,
,,,,,,,,,,,,,,,,,,,,,,,,
,,,,,,,,,,,,,,,,,,,,,,,,
,,,,,,,,,,,,,,,,,,,,,,,,
,,,,,,,,,,,,,,,,,,,,,,,,
,,,,,,,,,,,,,,,,,,,,,,,,
,,,,,,,,,,,,,,,,,,,,,,,,
,,,,,,,,,,,,,,,,,,,,,,,,
,,,,,,,,,,,,,,,,,,,,,,,,
,,,,,,,,,,,,,,,,,,,,,,,,
,,,,,,,,,,,,,,,,,,,,,,,,
,,,,,,,,,,,,,,,,,,,,,,,,
,,,,,,,,,,,,,,,,,,,,,,,,
,,,,,,,,,,,,,,,,,,,,,,,,
,,,,,,,,,,,,,,,,,,,,,,,,
,,,,,,,,,,,,,,,,,,,,,,,,
,,,,,,,,,,,,,,,,,,,,,,,,
,,,,,,,,,,,,,,,,,,,,,,,,
,,,,,,,,,,,,,,,,,,,,,,,,
,,,,,,,,,,,,,,,,,,,,,,,,
,,,,,,,,,,,,,,,,,,,,,,,,
,,,,,,,,,,,,,,,,,,,,,,,,
,,,,,,,,,,,,,,,,,,,,,,,,
,,,,,,,,,,,,,,,,,,,,,,,,
,,,,,,,,,,,,,,,,,,,,,,,,
,,,,,,,,,,,,,,,,,,,,,,,,
,,,,,,,,,,,,,,,,,,,,,,,,
,,,,,,,,,,,,,,,,,,,,,,,,
,,,,,,,,,,,,,,,,,,,,,,,,
,,,,,,,,,,,,,,,,,,,,,,,,
,,,,,,,,,,,,,,,,,,,,,,,,
,,,,,,,,,,,,,,,,,,,,,,,,
,,,,,,,,,,,,,,,,,,,,,,,,
,,,,,,,,,,,,,,,,,,,,,,,,
,,,,,,,,,,,,,,,,,,,,,,,,
,,,,,,,,,,,,,,,,,,,,,,,,
,,,,,,,,,,,,,,,,,,,,,,,,
,,,,,,,,,,,,,,,,,,,,,,,,
,,,,,,,,,,,,,,,,,,,,,,,,
,,,,,,,,,,,,,,,,,,,,,,,,
,,,,,,,,,,,,,,,,,,,,,,,,
,,,,,,,,,,,,,,,,,,,,,,,,
,,,,,,,,,,,,,,,,,,,,,,,,
,,,,,,,,,,,,,,,,,,,,,,,,
,,,,,,,,,,,,,,,,,,,,,,,,
,,,,,,,,,,,,,,,,,,,,,,,,
,,,,,,,,,,,,,,,,,,,,,,,,
,,,,,,,,,,,,,,,,,,,,,,,,
,,,,,,,,,,,,,,,,,,,,,,,,
,,,,,,,,,,,,,,,,,,,,,,,,
,,,,,,,,,,,,,,,,,,,,,,,,
,,,,,,,,,,,,,,,,,,,,,,,,
,,,,,,,,,,,,,,,,,,,,,,,,
,,,,,,,,,,,,,,,,,,,,,,,,
,,,,,,,,,,,,,,,,,,,,,,,,
,,,,,,,,,,,,,,,,,,,,,,,,
,,,,,,,,,,,,,,,,,,,,,,,,
,,,,,,,,,,,,,,,,,,,,,,,,
,,,,,,,,,,,,,,,,,,,,,,,,
,,,,,,,,,,,,,,,,,,,,,,,,
,,,,,,,,,,,,,,,,,,,,,,,,
,,,,,,,,,,,,,,,,,,,,,,,,
,,,,,,,,,,,,,,,,,,,,,,,,
,,,,,,,,,,,,,,,,,,,,,,,,
,,,,,,,,,,,,,,,,,,,,,,,,
,,,,,,,,,,,,,,,,,,,,,,,,
,,,,,,,,,,,,,,,,,,,,,,,,
,,,,,,,,,,,,,,,,,,,,,,,,
,,,,,,,,,,,,,,,,,,,,,,,,
,,,,,,,,,,,,,,,,,,,,,,,,
,,,,,,,,,,,,,,,,,,,,,,,,
,,,,,,,,,,,,,,,,,,,,,,,,
,,,,,,,,,,,,,,,,,,,,,,,,
,,,,,,,,,,,,,,,,,,,,,,,,
,,,,,,,,,,,,,,,,,,,,,,,,
,,,,,,,,,,,,,,,,,,,,,,,,
,,,,,,,,,,,,,,,,,,,,,,,,
,,,,,,,,,,,,,,,,,,,,,,,,
,,,,,,,,,,,,,,,,,,,,,,,,
,,,,,,,,,,,,,,,,,,,,,,,,
,,,,,,,,,,,,,,,,,,,,,,,,
,,,,,,,,,,,,,,,,,,,,,,,,
,,,,,,,,,,,,,,,,,,,,,,,,
,,,,,,,,,,,,,,,,,,,,,,,,
,,,,,,,,,,,,,,,,,,,,,,,,
,,,,,,,,,,,,,,,,,,,,,,,,
,,,,,,,,,,,,,,,,,,,,,,,,
,,,,,,,,,,,,,,,,,,,,,,,,
,,,,,,,,,,,,,,,,,,,,,,,,
,,,,,,,,,,,,,,,,,,,,,,,,
,,,,,,,,,,,,,,,,,,,,,,,,
,,,,,,,,,,,,,,,,,,,,,,,,
,,,,,,,,,,,,,,,,,,,,,,,,
,,,,,,,,,,,,,,,,,,,,,,,,
,,,,,,,,,,,,,,,,,,,,,,,,